timestamp,velocity_x,velocity_y,velocity_z,acceleration_x,acceleration_y,acceleration_z,location_x,location_y,location_z,rotation_pitch,rotation_yaw,rotation_roll
0.04000,-0.00000092,0.00000274,-0.03223073,-0.00004,0.00010,-1.06663,13.19999981,-318.70001221,0.01946255,0.00200125,127.14996338,0.00000000
0.05000,-0.00000130,0.00000344,-0.04083417,-0.00004,0.00007,-0.86034,13.19999981,-318.70001221,0.01905460,0.00189196,127.14994812,-0.00000000
0.06000,-0.00000113,0.00000428,-0.04765467,0.00002,0.00008,-0.68205,13.19999981,-318.70001221,0.01857845,0.00189196,127.14994812,-0.00000000
0.08000,-0.00000146,0.00000480,-0.05691256,-0.00001,0.00002,-0.39716,13.20000076,-318.70001221,0.01748062,0.00176902,127.14994812,-0.00000000
0.09000,-0.00000147,0.00000497,-0.05975903,-0.00000,0.00002,-0.28465,13.20000076,-318.70001221,0.01688343,0.00163242,127.14994812,0.00000000
0.10000,-0.00000145,0.00000505,-0.06165214,0.00000,0.00001,-0.18931,13.20000076,-318.70001221,0.01626736,0.00163242,127.14994812,0.00000000
0.11000,-0.00000145,0.00000506,-0.06273525,-0.00000,0.00000,-0.10831,13.20000172,-318.70001221,0.01564037,0.00149581,127.14994812,-0.00003052
0.12000,-0.00000148,0.00000496,-0.06313886,-0.00000,-0.00001,-0.04036,13.20000172,-318.70001221,0.01500942,0.00149581,127.14994812,-0.00003052
0.13000,-0.00000149,0.00000484,-0.06297517,-0.00000,-0.00001,0.01637,13.20000172,-318.70001221,0.01438003,0.00135921,127.14994812,-0.00003052
0.14000,-0.00000144,0.00000473,-0.06234144,0.00001,-0.00001,0.06337,13.20000172,-318.70001221,0.01375706,0.00135921,127.14994812,-0.00003052
0.15000,-0.00000198,0.00000409,-0.06132112,-0.00005,-0.00006,0.10203,13.20000172,-318.70001221,0.01314423,0.00122260,127.14994812,-0.00003052
0.17000,-0.00000296,0.00000301,-0.05841037,-0.00003,-0.00004,0.15803,13.20000362,-318.70001221,0.01196091,0.00110649,127.14994812,-0.00003052
0.18000,-0.00000321,0.00000262,-0.05663707,-0.00003,-0.00004,0.17733,13.20000362,-318.70001221,0.01139488,0.00110649,127.14994812,-0.00003052
0.20000,-0.00000368,0.00000191,-0.05269002,-0.00003,-0.00004,0.20260,13.20000362,-318.70001221,0.01032143,0.00099038,127.14994812,-0.00003052
0.21000,-0.00000358,0.00000178,-0.05058946,0.00001,-0.00001,0.21006,13.20000458,-318.70001221,0.00981583,0.00099038,127.14994812,-0.00003052
0.23000,-0.00000377,0.00000136,-0.04628208,0.00001,-0.00001,0.21623,13.20000458,-318.70001221,0.00886913,0.00084694,127.14994812,-0.00003052
0.24000,-0.00000355,0.00000127,-0.04412021,0.00002,-0.00001,0.21619,13.20000458,-318.70001221,0.00842812,0.00084694,127.14994812,-0.00003052
0.26000,-0.00000325,0.00000114,-0.03986337,0.00003,0.00000,0.21119,13.20000458,-318.70001221,0.00761021,0.00071717,127.14994812,-0.00003052
0.27000,-0.00000305,0.00000107,-0.03779335,0.00002,-0.00001,0.20700,13.20000458,-318.70001221,0.00723248,0.00071717,127.14994812,-0.00003052
0.28000,-0.00000277,0.00000109,-0.03577746,0.00003,0.00000,0.20159,13.20000553,-318.70001221,0.00687489,0.00060789,127.14994812,-0.00003052
0.29000,-0.00000262,0.00000103,-0.03381963,0.00002,-0.00001,0.19578,13.20000553,-318.70001221,0.00653694,0.00060789,127.14994812,-0.00003052
0.31000,-0.00000248,0.00000083,-0.03010208,-0.00001,-0.00002,0.18238,13.20000553,-318.70001221,0.00591698,0.00060789,127.14994812,-0.00003052
0.32000,-0.00000213,0.00000094,-0.02834989,0.00004,0.00001,0.17522,13.20000553,-318.70001221,0.00563366,0.00049177,127.14994812,-0.00006104
0.33000,-0.00000210,0.00000083,-0.02666964,0.00000,-0.00001,0.16802,13.20000553,-318.70001221,0.00536709,0.00049177,127.14994812,-0.00006104
0.34000,-0.00000190,0.00000078,-0.02506419,0.00002,-0.00001,0.16054,13.20000553,-318.70001221,0.00511661,0.00049177,127.14994812,-0.00006104
0.35000,-0.00000178,0.00000076,-0.02353291,0.00001,-0.00000,0.15313,13.20000553,-318.70001221,0.00488144,0.00049177,127.14994812,-0.00006104
0.37000,-0.00000161,0.00000065,-0.02069049,0.00002,-0.00000,0.13846,13.20000553,-318.70001221,0.00445393,0.00038249,127.14994812,-0.00006104
0.38000,-0.00000149,0.00000064,-0.01937672,0.00001,-0.00000,0.13138,13.20000553,-318.70001221,0.00426029,0.00038249,127.14994812,-0.00006104
0.39000,-0.00000143,0.00000059,-0.01813343,0.00001,-0.00000,0.12433,13.20000553,-318.70001221,0.00407913,0.00038249,127.14994812,-0.00006104
0.40000,-0.00000149,0.00000049,-0.01695668,-0.00001,-0.00001,0.11767,13.20000744,-318.70001221,0.00390965,0.00038249,127.14994812,-0.00006104
0.41000,-0.00000121,0.00000053,-0.01584551,0.00003,0.00000,0.11112,13.20000744,-318.70001221,0.00375130,0.00038249,127.14994812,-0.00006104
0.43000,-0.00000108,0.00000050,-0.01381108,0.00002,0.00000,0.09875,13.20000744,-318.70001221,0.00346542,0.00038249,127.14994812,-0.00006104
0.44000,-0.00000116,0.00000037,-0.01288188,-0.00001,-0.00001,0.09292,13.20000744,-318.70001221,0.00333668,0.00026638,127.14994812,-0.00006104
0.45000,-0.00000113,0.00000036,-0.01200938,0.00000,-0.00000,0.08725,13.20000744,-318.70001221,0.00321659,0.00026638,127.14994812,-0.00006104
0.46000,-0.00000088,0.00000041,-0.01119032,0.00002,0.00000,0.08191,13.20000744,-318.70001221,0.00310474,0.00026638,127.14994812,-0.00006104
0.47000,-0.00000087,0.00000038,-0.01042043,0.00000,-0.00000,0.07699,13.20000744,-318.70001221,0.00300064,0.00026638,127.14994812,-0.00006104
0.49000,-0.00000089,0.00000026,-0.00902329,0.00000,-0.00001,0.06761,13.20000744,-318.70001221,0.00281349,0.00026638,127.14994812,-0.00006104
0.50000,-0.00000083,0.00000025,-0.00839217,0.00001,-0.00000,0.06311,13.20000744,-318.70001221,0.00272964,0.00026638,127.14994812,-0.00006104
0.51000,-0.00000070,0.00000027,-0.00780021,0.00001,0.00000,0.05920,13.20000744,-318.70001221,0.00265171,0.00026638,127.14994812,-0.00006104
0.52000,-0.00000057,0.00000032,-0.00724770,0.00001,0.00000,0.05525,13.20000744,-318.70001221,0.00257927,0.00026638,127.14994812,-0.00006104
0.53000,-0.00000052,0.00000028,-0.00673098,0.00000,-0.00000,0.05167,13.20000744,-318.70001221,0.00251205,0.00026638,127.14994812,-0.00006104
0.54000,-0.00000049,0.00000029,-0.00624980,0.00000,0.00000,0.04812,13.20000744,-318.70001221,0.00244961,0.00026638,127.14994812,-0.00006104
0.55000,-0.00000048,0.00000028,-0.00580029,0.00000,-0.00000,0.04495,13.20000744,-318.70001221,0.00239166,0.00026638,127.14994812,-0.00006104
0.56000,-0.00000039,0.00000029,-0.00538081,0.00001,0.00000,0.04195,13.20000744,-318.70001221,0.00233784,0.00015709,127.14994812,-0.00006104
0.57000,-0.00000040,0.00000028,-0.00498988,-0.00000,-0.00000,0.03909,13.20000744,-318.70001221,0.00228802,0.00015709,127.14994812,-0.00006104
0.59000,-0.00000045,0.00000018,-0.00428744,-0.00001,-0.00000,0.03381,13.20000744,-318.70001221,0.00219887,0.00015709,127.14994812,-0.00006104
0.60000,-0.00000027,0.00000021,-0.00397155,0.00002,0.00000,0.03159,13.20000744,-318.70001221,0.00215923,0.00015709,127.14994812,-0.00006104
0.61000,0.00000000,0.00000000,0.00000000,0.00003,-0.00002,0.39715,13.20000744,-318.70001221,0.00215923,0.00015709,127.14994812,-0.00006104
0.62000,0.00000002,0.00000016,-0.00083258,0.00000,0.00002,-0.08326,13.20000744,-318.70001221,0.00215092,0.00015709,127.14994812,-0.00006104
0.63000,0.00000002,0.00000018,-0.00106435,-0.00000,0.00000,-0.02318,13.20000744,-318.70001221,0.00214027,0.00015709,127.14994812,-0.00006104
0.64000,-0.00000003,0.00000017,-0.00125068,-0.00000,-0.00000,-0.01863,13.20000744,-318.70001221,0.00212776,0.00015709,127.14994812,-0.00006104
0.65000,-0.00000006,0.00000020,-0.00139414,-0.00000,0.00000,-0.01435,13.20000744,-318.70001221,0.00211388,0.00015709,127.14994812,-0.00006104
0.66000,-0.00428761,0.00143207,-0.00150279,-0.42875,0.14319,-0.01087,13.19995499,-318.70001221,0.00209923,0.00006147,127.14956665,-0.00042725
0.67000,-0.13153794,0.23165956,-0.00158190,-12.72503,23.02275,-0.00791,13.19856262,-318.69769287,0.00206039,0.00398200,127.13411713,0.00196463
0.68000,-0.21140593,0.35767227,-0.00163398,-7.98680,12.60127,-0.00521,13.19635010,-318.69418335,0.00201469,0.00897487,127.11476135,0.00435517
0.69000,-0.27383322,0.49158892,-0.00166164,-6.24273,13.39166,-0.00277,13.19346046,-318.68930054,0.00196625,0.01441170,127.08317566,0.00761677
0.71000,-0.45292902,0.79567289,-0.00167115,-6.59496,10.98083,0.00035,13.18464565,-318.67471313,0.00184925,0.02865264,126.99946594,0.01428171
0.72000,-0.50032586,0.89584666,-0.00165725,-4.73968,10.01738,0.00139,13.17939186,-318.66586304,0.00179520,0.03505936,126.94783020,0.01753430
0.73000,-0.59221661,1.05338800,-0.00163169,-9.18908,15.75413,0.00256,13.17320251,-318.65545654,0.00173653,0.04227887,126.89344788,0.02072620
0.74000,-0.64222401,1.13637900,-0.00159922,-5.00074,8.29910,0.00325,13.16646481,-318.64428711,0.00168362,0.04855581,126.82892609,0.02303459
0.75000,-0.68432111,1.22907960,-0.00155756,-4.20971,9.27006,0.00417,13.15928268,-318.63220215,0.00163513,0.05418389,126.75888062,0.02566977
0.76000,-0.74287528,1.32547987,-0.00150956,-5.85542,9.64003,0.00480,13.15147400,-318.61917114,0.00158890,0.05951827,126.68039703,0.02768513
0.77000,-0.79806387,1.43632150,-0.00145934,-5.51886,11.08416,0.00502,13.14311028,-318.60504150,0.00154366,0.06474336,126.60081482,0.03001996
0.78000,-0.84523129,1.52028286,-0.00140892,-4.71674,8.39614,0.00504,13.13430023,-318.59008789,0.00150261,0.06932642,126.52681732,0.03178620
0.79000,-0.89246392,1.61285782,-0.00135178,-4.72326,9.25750,0.00571,13.12495804,-318.57421875,0.00146454,0.07356113,126.43963623,0.03365551
0.80000,-0.94665688,1.67207003,-0.00129503,-5.41930,5.92122,0.00567,13.11511612,-318.55773926,0.00143074,0.07709234,126.36282349,0.03378541
0.81000,-1.02329779,1.74159765,-0.00123766,-7.66409,6.95276,0.00574,13.10453606,-318.54055786,0.00139942,0.08033668,126.29419708,0.03216809
0.82000,-1.07074845,1.78028846,-0.00118193,-4.74507,3.86908,0.00557,13.09353638,-318.52294922,0.00137318,0.08278872,126.23762512,0.02972934
0.84000,-1.17587221,1.91412878,-0.00106604,-4.22403,5.57847,0.00559,13.06983376,-318.48562622,0.00132660,0.08703027,126.11853790,0.02541745
0.85000,-1.22217548,1.98003900,-0.00101299,-4.63033,6.59102,0.00530,13.05729580,-318.46603394,0.00130692,0.08863536,126.05506897,0.02376031
0.86000,-1.26033616,2.03856421,-0.00095753,-3.81607,5.85252,0.00555,13.04441643,-318.44583130,0.00129002,0.08988529,125.99954987,0.02245140
0.87000,-1.29580414,2.09386039,-0.00090627,-3.54680,5.52962,0.00513,13.03113174,-318.42514038,0.00127586,0.09075955,125.93258667,0.02148358
0.88000,-1.32637870,2.14529276,-0.00085564,-3.05746,5.14324,0.00506,13.01760101,-318.40386963,0.00126446,0.09127181,125.87754822,0.02074705
0.89000,-1.35640228,2.19498706,-0.00080581,-3.00236,4.96943,0.00498,13.00370216,-318.38217163,0.00125511,0.09146989,125.80805969,0.02028849
0.90000,-1.40794814,2.23323417,-0.00075937,-5.15459,3.82471,0.00464,12.98938847,-318.36001587,0.00124737,0.09150404,125.76097107,0.01834078
0.91000,-1.46201944,2.26826406,-0.00071203,-5.40713,3.50299,0.00473,12.97451496,-318.33752441,0.00124092,0.09136744,125.71123505,0.01546243
0.92000,-1.50852311,2.30701208,-0.00067058,-4.65037,3.87480,0.00415,12.95926476,-318.31457520,0.00123596,0.09108057,125.68017578,0.01237718
0.93000,-1.55033708,2.34794569,-0.00062746,-4.18140,4.09336,0.00431,12.94355965,-318.29122925,0.00123203,0.09067759,125.64060974,0.00959538
0.94000,-1.58878791,2.39116597,-0.00059475,-3.84508,4.32203,0.00327,12.92753887,-318.26742554,0.00122890,0.09018581,125.61511993,0.00713927
0.96000,-1.63290536,2.49592686,-0.00051593,-1.99236,5.38242,0.00356,12.89470577,-318.21832275,0.00122547,0.08895638,125.53701019,0.00605314
0.97000,-1.65515220,2.54744792,-0.00048554,-2.22468,5.15211,0.00304,12.87791634,-318.19305420,0.00122478,0.08825970,125.48580170,0.00665333
0.98000,-1.67907381,2.59841394,-0.00045261,-2.39216,5.09660,0.00329,12.86092281,-318.16720581,0.00122444,0.08754253,125.44174194,0.00747278
0.99000,-1.70418847,2.64840484,-0.00042160,-2.51147,4.99909,0.00310,12.84362507,-318.14093018,0.00122440,0.08681170,125.38619995,0.00845526
1.00000,-1.73004329,2.69846129,-0.00039396,-2.58548,5.00565,0.00276,12.82609844,-318.11410522,0.00122459,0.08609453,125.33724213,0.00941257
1.01000,-1.75677252,2.74641776,-0.00036811,-2.67292,4.79565,0.00259,12.80826378,-318.08682251,0.00122524,0.08536370,125.27957916,0.01030574
1.02000,-1.78376567,2.79505181,-0.00034404,-2.69932,4.86341,0.00241,12.79018688,-318.05905151,0.00122604,0.08465336,125.22779846,0.01108676
1.03000,-1.80986547,2.84205174,-0.00031955,-2.60998,4.69999,0.00245,12.77181244,-318.03082275,0.00122711,0.08392936,125.16875458,0.01183178
1.04000,-1.83620667,2.88979125,-0.00029685,-2.63412,4.77395,0.00227,12.75319767,-318.00213623,0.00122826,0.08321902,125.11454773,0.01249015
1.05000,-1.86171663,2.93613005,-0.00027930,-2.55100,4.63388,0.00175,12.73429871,-317.97296143,0.00122971,0.08250868,125.05430603,0.01312363
1.06000,-1.88854444,2.98243976,-0.00025908,-2.68278,4.63097,0.00202,12.71515083,-317.94332886,0.00123123,0.08180517,124.99841309,0.01360715
1.07000,-1.91438842,3.02784824,-0.00023966,-2.58440,4.54085,0.00194,12.69572258,-317.91326904,0.00123291,0.08110166,124.93798828,0.01405004
1.08000,-1.94009089,3.07392573,-0.00022330,-2.57025,4.60775,0.00164,12.67605114,-317.88272095,0.00123478,0.08041181,124.88035583,0.01444575
1.09000,-1.96480322,3.11876893,-0.00020652,-2.47123,4.48432,0.00168,12.65611267,-317.85174561,0.00123669,0.07972196,124.81905365,0.01483595
1.10000,-1.98966074,3.16456199,-0.00019329,-2.48575,4.57931,0.00132,12.63593388,-317.82028198,0.00123875,0.07904577,124.75926208,0.01521383
1.11000,-2.01336789,3.20865679,-0.00017839,-2.37072,4.40948,0.00149,12.61550426,-317.78842163,0.00124096,0.07836276,124.69680023,0.01559091
1.12000,-2.04616284,3.24860048,-0.00016838,-3.27950,3.99437,0.00100,12.59476757,-317.75613403,0.00124313,0.07770023,124.63938904,0.01531703
1.13000,-2.07563782,3.28834486,-0.00015316,-2.94750,3.97444,0.00152,12.57373905,-317.72341919,0.00124546,0.07703770,124.58295441,0.01484446
1.15000,-2.12989020,3.37079787,-0.00013243,-2.61741,4.09706,0.00110,12.53087616,-317.65679932,0.00125027,0.07573996,124.47415161,0.01390108
1.16000,-2.16218019,3.40843344,-0.00011979,-3.22900,3.76356,0.00126,12.50900841,-317.62289429,0.00125275,0.07510476,124.42375946,0.01304429
1.17000,-2.19164753,3.44675350,-0.00011402,-2.94673,3.83201,0.00058,12.48685551,-317.58859253,0.00125538,0.07448321,124.37535858,0.01213883
1.18000,-2.21940088,3.48612046,-0.00010719,-2.77534,3.93670,0.00068,12.46443176,-317.55389404,0.00125797,0.07384800,124.32843781,0.01131444
1.19000,-2.24566650,3.52577925,-0.00009813,-2.62656,3.96588,0.00091,12.44175053,-317.51876831,0.00126060,0.07321279,124.28217316,0.01062955
1.20000,-2.27793503,3.56146526,-0.00008967,-3.22685,3.56860,0.00085,12.41876221,-317.48333740,0.00126324,0.07260491,124.23980713,0.00958052
1.21000,-2.30767179,3.59836674,-0.00008283,-2.97368,3.69015,0.00068,12.39548779,-317.44747925,0.00126610,0.07200385,124.19985199,0.00852145
1.22000,-2.33559394,3.63614225,-0.00007368,-2.79222,3.77755,0.00091,12.37194347,-317.41125488,0.00126865,0.07142328,124.16159058,0.00757482
1.23000,-2.36215806,3.67448330,-0.00006922,-2.65641,3.83410,0.00045,12.34813786,-317.37463379,0.00127136,0.07084272,124.12419891,0.00679364
1.24000,-2.38770938,3.71321797,-0.00006531,-2.55513,3.87347,0.00039,12.32408142,-317.33764648,0.00127399,0.07027581,124.08742523,0.00619518
1.25000,-2.41589665,3.75005889,-0.00006306,-2.81873,3.68409,0.00023,12.29975224,-317.30026245,0.00127666,0.06971574,124.05265045,0.00551491
1.26000,-2.44267201,3.78758192,-0.00005443,-2.67754,3.75230,0.00086,12.27516174,-317.26251221,0.00127937,0.06917615,124.01908112,0.00490896
1.27000,-2.46839356,3.82556701,-0.00005219,-2.57215,3.79851,0.00022,12.25031853,-317.22436523,0.00128201,0.06864340,123.98636627,0.00442287
1.28000,-2.49331665,3.86386871,-0.00004780,-2.49231,3.83017,0.00044,12.22522831,-317.18582153,0.00128441,0.06811747,123.95410156,0.00406908
1.29000,-2.51762319,3.90238428,-0.00004276,-2.43065,3.85156,0.00050,12.19989681,-317.14691162,0.00128716,0.06761887,123.92202759,0.00384537
1.30000,-2.54307103,3.94001985,-0.00004032,-2.54478,3.76356,0.00024,12.17431641,-317.10763550,0.00128933,0.06712709,123.89090729,0.00361808
1.31000,-2.56775618,3.97798157,-0.00003666,-2.46851,3.79617,0.00037,12.14849091,-317.06796265,0.00129185,0.06664898,123.86032104,0.00345295
1.32000,-2.59185553,4.01616478,-0.00003331,-2.40993,3.81832,0.00033,12.12242603,-317.02789307,0.00129410,0.06619136,123.83006287,0.00336437
1.33000,-2.61549473,4.05449772,-0.00003105,-2.36392,3.83329,0.00023,12.09612656,-316.98745728,0.00129646,0.06574740,123.79993439,0.00335417
1.34000,-2.63876581,4.09292936,-0.00002894,-2.32711,3.84316,0.00021,12.06959438,-316.94662476,0.00129883,0.06531026,123.76982117,0.00341710
1.35000,-2.66173553,4.13142347,-0.00002798,-2.29697,3.84941,0.00010,12.04283333,-316.90539551,0.00130085,0.06488679,123.73971558,0.00354386
1.36000,-2.68597984,4.16900063,-0.00002514,-2.42443,3.75772,0.00028,12.01583099,-316.86380005,0.00130302,0.06448381,123.71016693,0.00361001
1.37000,-2.70967340,4.20680523,-0.00002234,-2.36936,3.78046,0.00028,11.98859310,-316.82183838,0.00130508,0.06409449,123.68108368,0.00368085
1.38000,-2.73324275,4.24507856,0.00705830,-2.35693,3.82733,0.70806,11.96112251,-316.77947998,0.00137840,0.06365053,123.65225983,0.00379395
1.40000,-2.77898836,4.32129717,0.00473051,-2.31342,3.87731,-0.10684,11.90550041,-316.69363403,0.00148819,0.06285822,123.59494019,0.00411340
1.41000,-2.80326414,4.35738325,0.00382052,-2.42758,3.60861,-0.09100,11.87733459,-316.65014648,0.00152855,0.06247574,123.56737518,0.00412612
1.42000,-2.82693172,4.39357996,0.00304757,-2.36676,3.61967,-0.07730,11.84893608,-316.60629272,0.00156120,0.06212057,123.54064178,0.00407909
1.43000,-2.85016870,4.43175459,0.00239354,-2.32370,3.81746,-0.06540,11.82030487,-316.56207275,0.00158714,0.06177223,123.51389313,0.00410481
1.44000,-2.85412288,4.43654299,0.00184446,-0.39542,0.47884,-0.05491,11.79164124,-316.51776123,0.00161072,0.06090479,123.48822784,0.00399587
1.45000,-2.85702229,4.44799471,0.00138233,-0.28994,1.14517,-0.04621,11.76294518,-316.47338867,0.00163277,0.05953193,123.46123505,0.00414694
1.46000,-2.83723760,4.41106653,0.00099183,1.97847,-3.69282,-0.03905,11.73445988,-316.42938232,0.00165596,0.05722332,123.43678284,0.00387493
1.47000,-2.85243440,4.43782139,0.00067371,-1.51968,2.67549,-0.03181,11.70582485,-316.38510132,0.00167461,0.05518109,123.41238403,0.00378966
1.48000,-2.84449458,4.42045879,0.00040659,0.79398,-1.73626,-0.02671,11.67727661,-316.34100342,0.00169289,0.05280419,123.38977814,0.00345081
1.49000,-2.85685992,4.44437313,0.00018441,-1.23653,2.39143,-0.02222,11.64860249,-316.29663086,0.00170677,0.05071415,123.36650085,0.00339195
1.50000,-2.85099053,4.43142557,0.00000779,0.58694,-1.29476,-0.01766,11.61999512,-316.25238037,0.00172028,0.04841921,123.34490204,0.00312918
1.51000,-2.86601639,4.46047592,-0.00013892,-1.50259,2.90504,-0.01467,11.59123421,-316.20785522,0.00173004,0.04654774,123.32258606,0.00316603
1.52000,-2.85278869,4.45546436,-0.00025815,1.32277,-0.50116,-0.01192,11.56259251,-316.16342163,0.00173943,0.04451234,123.29725647,0.00374905
1.53000,-2.85407639,4.49686623,-0.00034974,-0.12877,4.14019,-0.00916,11.53390312,-316.11856079,0.00174492,0.04294140,123.26348877,0.00564869
1.54000,-2.84429121,4.49499655,-0.00041780,0.97852,-0.18697,-0.00681,11.50530243,-316.07373047,0.00175083,0.04122019,123.22780609,0.00723058
1.55000,-2.85038042,4.53793192,-0.00047281,-0.60892,4.29354,-0.00550,11.47661209,-316.02850342,0.00175323,0.03999759,123.18586731,0.00943374
1.56000,-2.84445786,4.53693151,-0.00051290,0.59226,-0.10004,-0.00401,11.44797230,-315.98324585,0.00175648,0.03861106,123.14328766,0.01092659
1.57000,-2.85413742,4.58183622,-0.00054404,-0.96796,4.49047,-0.00311,11.41921234,-315.93759155,0.00175594,0.03773679,123.09557343,0.01285725
1.58000,-2.85151243,4.58287239,-0.00055674,0.26250,0.10362,-0.00127,11.39047623,-315.89193726,0.00175671,0.03667811,123.04844666,0.01399791
1.59000,-2.86384273,4.62967205,-0.00056830,-1.23303,4.67997,-0.00116,11.36159801,-315.84579468,0.00175430,0.03612487,122.99724579,0.01556583
1.60000,-2.86359310,4.63243532,-0.00057200,0.02496,0.27633,-0.00037,11.33272171,-315.79965210,0.00175293,0.03535989,122.94696045,0.01635808
1.61000,-2.87800598,4.68111849,-0.00056479,-1.44129,4.86832,0.00072,11.30368423,-315.75299072,0.00174896,0.03507985,122.89293671,0.01761042
1.62000,-2.89416170,4.67733002,-0.00055797,-1.61557,-0.37885,0.00068,11.27451801,-315.70635986,0.00174637,0.03458808,122.84783173,0.01687744
1.63000,-2.92719603,4.71736288,-0.00055038,-3.30343,4.00329,0.00076,11.24504089,-315.65933228,0.00174103,0.03456759,122.80784607,0.01566943
1.65000,-2.97576356,4.75843477,-0.00051420,-3.60835,4.02122,0.00214,11.18554878,-315.56478882,0.00173107,0.03445147,122.74378967,0.01192496
1.66000,-2.98961759,4.76115131,-0.00049884,-1.38540,0.27165,0.00154,11.15552425,-315.51724243,0.00172661,0.03435585,122.72035217,0.00974457
1.67000,-3.02389956,4.80486727,-0.00048079,-3.42820,4.37160,0.00181,11.12517452,-315.46926880,0.00171989,0.03469053,122.70053101,0.00784973
1.68000,-3.03536463,4.81047297,-0.00046083,-1.14651,0.56057,0.00200,11.09472466,-315.42123413,0.00171505,0.03472468,122.68338776,0.00606164
1.69000,-3.06859636,4.85658073,-0.00044042,-3.32317,4.61078,0.00204,11.06395245,-315.37268066,0.00170807,0.03516864,122.66796112,0.00463387
1.70000,-3.08510518,4.86128855,-0.00041901,-1.65088,0.47078,0.00214,11.03304577,-315.32412720,0.00170311,0.03531891,122.65883636,0.00283104
1.71000,-3.12436390,4.90504932,-0.00040372,-3.92587,4.37608,0.00153,11.00176716,-315.27508545,0.00169579,0.03585849,122.65467072,0.00097726
1.72000,-3.13811088,4.91280603,-0.00037911,-1.37470,0.77567,0.00246,10.97036362,-315.22598267,0.00169079,0.03608389,122.65225220,-0.00070190
1.73000,-3.17594266,4.95873356,-0.00036396,-3.78318,4.59275,0.00152,10.93859196,-315.17639160,0.00168350,0.03668495,122.65207672,-0.00225830
1.74000,-3.18844604,4.96889687,-0.00033916,-1.25034,1.01633,0.00248,10.90671730,-315.12667847,0.00167866,0.03697181,122.65579224,-0.00354004
1.75000,-3.22352695,5.01797342,-0.00032660,-3.50809,4.90766,0.00126,10.87450218,-315.07650757,0.00167130,0.03762751,122.66151428,-0.00448608
1.76000,-3.23366451,5.03076458,-0.00030394,-1.01376,1.27912,0.00227,10.84217834,-315.02618408,0.00166653,0.03794853,122.66516113,-0.00506592
1.77000,-3.26880383,5.08080912,-0.00028976,-3.51393,5.00445,0.00142,10.80949783,-314.97537231,0.00165943,0.03863155,122.66789246,-0.00555420
1.78000,-3.27932143,5.09468555,-0.00026911,-1.05176,1.38764,0.00207,10.77673435,-314.92440796,0.00165474,0.03898672,122.67423248,-0.00582886
1.79000,-3.31472301,5.14560604,-0.00025698,-3.54016,5.09205,0.00121,10.74362755,-314.87292480,0.00164791,0.03969023,122.68340302,-0.00607300
1.80000,-3.32204437,5.16255522,-0.00023599,-0.73214,1.69492,0.00210,10.71042252,-314.82128906,0.00164341,0.04005906,122.68655396,-0.00588989
1.81000,-3.35440421,5.21662569,-0.00022491,-3.23598,5.40705,0.00111,10.67687225,-314.76910400,0.00163700,0.04077623,122.68525696,-0.00549316
1.82000,-3.36334872,5.23351431,-0.00021144,-0.89445,1.68886,0.00135,10.64325619,-314.71673584,0.00163269,0.04115872,122.68876648,-0.00506592
1.83000,-3.39689445,5.28828859,-0.00019855,-3.35457,5.47743,0.00129,10.60932350,-314.66384888,0.00162640,0.04188955,122.69595337,-0.00460815
1.84000,-3.39481521,5.31308699,-0.00018562,0.20792,2.47984,0.00129,10.57534981,-314.61071777,0.00162224,0.04227887,122.68924713,-0.00311279
1.85000,-3.40294147,5.38366365,-0.00017317,-0.81263,7.05767,0.00125,10.54120827,-314.55697632,0.00161652,0.04298921,122.66291046,0.00020409
1.86000,-3.38715386,5.41857672,-0.00016694,1.57876,3.49131,0.00062,10.50721455,-314.50283813,0.00161243,0.04337170,122.63325500,0.00458624
1.87000,-3.39333677,5.49720860,-0.00015309,-0.61829,7.86319,0.00138,10.47313976,-314.44796753,0.00160625,0.04416400,122.59864807,0.00990504
1.88000,-3.38303280,5.52385998,-0.00014287,1.03040,2.66514,0.00102,10.43904877,-314.39288330,0.00160271,0.04453966,122.54025269,0.01471056
1.90000,-3.42610455,5.60335922,-0.00012866,-0.55146,0.79908,0.00058,10.37005138,-314.28121948,0.00159252,0.04581691,122.42811584,0.01941247
1.91000,-3.47257662,5.69053650,-0.00011893,-4.64721,8.71773,0.00097,10.33514118,-314.22439575,0.00158432,0.04702585,122.39061737,0.02050738
1.92000,-3.48257565,5.71023655,-0.00011144,-0.99990,1.97001,0.00075,10.30002880,-314.16748047,0.00157909,0.04772936,122.33272552,0.02101202
1.93000,-3.51348901,5.77596855,-0.00010406,-3.09134,6.57320,0.00074,10.26462841,-314.10986328,0.00157204,0.04875389,122.27899933,0.02159427
1.94000,-3.52562404,5.79750252,-0.00009802,-1.21350,2.15340,0.00060,10.22916031,-314.05203247,0.00156765,0.04934811,122.23666382,0.02160706
1.95000,-3.55495739,5.83612394,-0.00009133,-2.93334,3.86214,0.00067,10.19340611,-313.99380493,0.00156380,0.04986038,122.19660950,0.02090270
1.96000,-3.57264280,5.85054541,-0.00008467,-1.76854,1.44215,0.00067,10.15744209,-313.93545532,0.00156204,0.05001747,122.15060425,0.01957907
1.97000,-3.60438251,5.89984989,-0.00007910,-3.17397,4.93045,0.00056,10.12118721,-313.87658691,0.00155903,0.05037264,122.10973358,0.01836218
1.98000,-3.62511826,5.92423487,-0.00007185,-2.07357,2.43850,0.00072,10.08480740,-313.81744385,0.00155716,0.05059121,122.08576965,0.01689657
1.99000,-3.66434860,5.96239233,-0.00006742,-3.92303,3.81575,0.00044,10.04804325,-313.75787354,0.00155487,0.05087808,122.06446075,0.01473535
2.00000,-3.69227672,5.98447847,-0.00006456,-2.79281,2.20861,0.00029,10.01095963,-313.69812012,0.00155293,0.05106249,122.03520203,0.01230727
2.01000,-3.72649336,6.02365017,-0.00005847,-3.42166,3.91717,0.00061,9.97358513,-313.63796997,0.00155090,0.05130155,122.01622772,0.00998076
2.02000,-3.75298858,6.05038309,-0.00005280,-2.64952,2.67329,0.00057,9.93603706,-313.57745361,0.00154915,0.05149279,122.01538086,0.00771842
2.03000,-3.78623152,6.09126377,-0.00005002,-3.32429,4.08807,0.00028,9.89814663,-313.51654053,0.00154716,0.05176600,122.01234436,0.00572659
2.04000,-3.80943108,6.11451912,-0.00004552,-2.31996,2.32553,0.00045,9.85998154,-313.45544434,0.00154598,0.05189577,122.00054169,0.00390392
2.05000,-3.84290957,6.15652227,-0.00004318,-3.34785,4.20032,0.00023,9.82151794,-313.39389038,0.00154427,0.05211434,121.99566650,0.00225973
2.06000,-3.86232996,6.17781496,-0.00004120,-1.94204,2.12927,0.00020,9.78292847,-313.33209229,0.00154358,0.05214849,122.00439453,0.00079434
2.07000,-3.89600492,6.22157383,-0.00003709,-3.36750,4.37589,0.00041,9.74399757,-313.26986694,0.00154217,0.05231925,122.01192474,-0.00051880
2.08000,-3.91334105,6.24265671,-0.00003392,-1.73361,2.10829,0.00032,9.70484924,-313.20745850,0.00154198,0.05230559,122.01006317,-0.00152588
2.09000,-3.94211531,6.29028130,-0.00003283,-2.87743,4.76246,0.00011,9.66542625,-313.14456177,0.00154102,0.05244902,122.01061249,-0.00204468
2.10000,-3.95556140,6.31304026,-0.00003593,-1.34461,2.27590,-0.00031,9.62592030,-313.08139038,0.00154083,0.05240121,122.02075958,-0.00231934
2.11000,-3.98539948,6.36060286,-0.00002938,-2.98381,4.75626,0.00066,9.58609867,-313.01776123,0.00153969,0.05253098,122.02770233,-0.00244141
2.12000,-3.99851871,6.38251400,-0.00002703,-1.31192,2.19111,0.00024,9.54610062,-312.95394897,0.00153992,0.05244219,122.02488708,-0.00238037
2.13000,-4.02841520,6.43073082,-0.00002389,-2.98965,4.82168,0.00031,9.50581360,-312.88964844,0.00153912,0.05255830,122.02440643,-0.00231934
2.14000,-4.03760052,6.45389318,-0.00002386,-0.91853,2.31624,0.00000,9.46546936,-312.82510376,0.00153950,0.05244902,122.03021240,-0.00192261
2.15000,-4.06446457,6.50453758,-0.00002251,-2.68641,5.06444,0.00014,9.42483521,-312.76004028,0.00153858,0.05255830,122.03173065,-0.00134277
2.16000,-4.07426929,6.52635717,-0.00002136,-0.98047,2.18196,0.00011,9.38406181,-312.69479370,0.00153908,0.05243536,122.02457428,-0.00070190
2.17000,-4.10182810,6.57730389,-0.00001904,-2.75588,5.09467,0.00023,9.34301376,-312.62902832,0.00153831,0.05253098,122.01782227,-0.00003052
2.18000,-4.11188698,6.59769535,-0.00001608,-1.00589,2.03915,0.00030,9.30189037,-312.56304932,0.00153908,0.05237389,122.01603699,0.00053926
2.19000,-4.12536812,6.65688896,-0.00001704,-1.34811,5.91936,-0.00010,9.26058960,-312.49652100,0.00153870,0.05246268,122.00446320,0.00235541
2.20000,-4.11266279,6.69119978,-0.00001995,1.27053,3.43108,-0.00029,9.21934414,-312.42968750,0.00153923,0.05228509,121.97641754,0.00558571
2.21000,-4.10821438,6.75902319,-0.00001280,0.44484,6.78234,0.00072,9.17807770,-312.36221313,0.00153908,0.05232608,121.93354034,0.01040001
2.22000,-4.09668827,6.79308128,-0.00001606,1.15261,3.40581,-0.00033,9.13689232,-312.29443359,0.00153992,0.05213483,121.88351440,0.01518930
2.23000,-4.09791374,6.85862064,-0.00001374,-0.12255,6.55394,0.00023,9.09563255,-312.22601318,0.00153961,0.05218264,121.82092285,0.02031895
2.24000,-4.11011171,6.87708902,-0.00001440,-1.21980,1.84684,-0.00007,9.05424023,-312.15740967,0.00154045,0.05199140,121.75888062,0.02301892
2.25000,-4.13453436,6.93075657,-0.00001081,-2.44226,5.36675,0.00036,9.01259995,-312.08828735,0.00153992,0.05206653,121.69763947,0.02479008
2.26000,-4.14496517,6.95007229,-0.00001032,-1.04308,1.93157,0.00005,8.97086906,-312.01895142,0.00154083,0.05189577,121.64011383,0.02549679
2.27000,-4.16846228,7.00475121,-0.00000890,-2.34971,5.46789,0.00014,8.92889881,-311.94909668,0.00154022,0.05199140,121.58222198,0.02610309
2.28000,-4.17789507,7.02493572,-0.00000864,-0.94328,2.01845,0.00003,8.88683414,-311.87902832,0.00154091,0.05183430,121.52495575,0.02618116
2.29000,-4.21318817,7.07232666,-0.00000576,-3.52931,4.73909,0.00029,8.84444237,-311.80844116,0.00154030,0.05194359,121.47390747,0.02535002
2.30000,-4.23148680,7.08726311,-0.00000688,-1.82986,1.49364,-0.00011,8.80189610,-311.73773193,0.00154099,0.05180015,121.42952728,0.02379198
2.31000,-4.26258373,7.13405418,-0.00000641,-3.10969,4.67911,0.00005,8.75905895,-311.66650391,0.00154060,0.05186845,121.38907623,0.02224807
2.32000,-4.27564764,7.14697123,-0.00000684,-1.30639,1.29170,-0.00004,8.71610928,-311.59515381,0.00154186,0.05162257,121.35229492,0.02057169
2.33000,-4.30155039,7.18924046,-0.00000544,-2.59027,4.22692,0.00014,8.67291546,-311.52337646,0.00154255,0.05152011,121.31839752,0.01916507
2.34000,-4.32029295,7.19199038,-0.00000606,-1.87426,0.27499,-0.00006,8.62957287,-311.45153809,0.00154522,0.05106249,121.29299164,0.01686847
2.35000,-4.35153484,7.22009373,-0.00000454,-3.12419,2.81034,0.00015,8.58595181,-311.37939453,0.00154762,0.05063902,121.27478027,0.01426131
2.36000,-4.36004972,7.21590614,-0.00000389,-0.85149,-0.41876,0.00006,8.54227352,-311.30731201,0.00155254,0.04979208,121.26188660,0.01171061
2.37000,-4.38255930,7.23526430,-0.00000470,-2.25096,1.93582,-0.00008,8.49839783,-311.23498535,0.00155773,0.04890415,121.25418091,0.00926002
2.38000,-4.38230896,7.22291136,-0.00000396,0.02503,-1.23529,0.00007,8.45454597,-311.16278076,0.00156567,0.04753128,121.25013733,0.00713874
2.39000,-4.39909649,7.23373032,-0.00000386,-1.67875,1.08190,0.00001,8.41055012,-311.09045410,0.00157383,0.04613793,121.25051880,0.00506689
2.40000,-4.39362764,7.21492672,-0.00000368,0.54688,-1.88036,0.00002,8.36662483,-311.01831055,0.00158451,0.04429378,121.25345612,0.00333624
2.41000,-4.40621424,7.22174788,-0.00000271,-1.25866,0.68212,0.00010,8.32259083,-310.94607544,0.00159492,0.04251109,121.25984955,0.00168283
2.42000,-4.39656544,7.19875669,-0.00000200,0.96488,-2.29912,0.00007,8.27866554,-310.87408447,0.00160763,0.04033909,121.26786804,0.00037231
2.43000,-4.40575838,7.20195580,-0.00000072,-0.91929,0.31991,0.00013,8.23466110,-310.80206299,0.00161961,0.03829004,121.27845764,-0.00088501
2.44000,-4.37256575,7.18723869,0.00000040,3.31926,-1.47171,0.00011,8.19095612,-310.73019409,0.00163376,0.03588581,121.27976990,-0.00009155
2.45000,-4.33399105,7.20948458,-0.00000124,3.85747,2.22459,-0.00016,8.14755821,-310.65814209,0.00164715,0.03359770,121.26180267,0.00370473
2.46000,-4.29309702,7.19558334,-0.00000031,4.08940,-1.39012,0.00009,8.10451794,-310.58630371,0.00166218,0.03101589,121.23273468,0.00801771
2.47000,-4.25513887,7.21327019,0.00000156,3.79581,1.76868,0.00019,8.06177807,-310.51431274,0.00167645,0.02861849,121.18664551,0.01359667
2.48000,-4.21792698,7.19141293,-0.00000302,3.72119,-2.18573,-0.00046,8.01937294,-310.44256592,0.00169186,0.02594106,121.13388824,0.01826525
2.49000,-4.20621681,7.19461155,0.00000349,1.17102,0.31986,0.00065,7.97706032,-310.37078857,0.00170612,0.02355732,121.07815552,0.02163536
2.50000,-4.18152189,7.16028786,-0.00000325,2.46949,-3.43237,-0.00067,7.93499374,-310.29934692,0.00172173,0.02087989,121.02375793,0.02353972
2.51000,-4.16874790,7.16203594,-0.00000144,1.27740,0.17481,0.00018,7.89303732,-310.22790527,0.00173538,0.01854396,120.96662903,0.02514642
2.52000,-4.14250851,7.12522507,-0.00000150,2.62394,-3.68109,-0.00001,7.85134792,-310.15682983,0.00175064,0.01590751,120.91123962,0.02592360
2.53000,-4.12870455,7.12529993,0.00000274,1.38040,0.00749,0.00042,7.80978298,-310.08578491,0.00176434,0.01363989,120.85321045,0.02680570
2.54000,-4.10111904,7.08609772,-0.00000416,2.75855,-3.92022,-0.00069,7.76850080,-310.01507568,0.00177917,0.01105808,120.79717255,0.02711381
2.55000,-4.09766817,7.07858324,0.00000095,0.34509,-0.75145,0.00051,7.72726345,-309.94448853,0.00179214,0.00889291,120.74423981,0.02673497
2.56000,-4.07416105,7.03433752,-0.00000378,2.35071,-4.42457,-0.00047,7.68628073,-309.87429810,0.00180660,0.00639306,120.69573212,0.02582848
2.57000,-4.06805182,7.02687073,-0.00000070,0.61092,-0.74668,0.00031,7.64536715,-309.80416870,0.00181858,0.00433034,120.64916229,0.02490862
2.58000,-4.04217863,6.98149872,0.00000214,2.58732,-4.53720,0.00028,7.60473061,-309.73449707,0.00183281,0.00193294,120.60618591,0.02382541
2.59000,-4.04781580,6.96549559,-0.00000053,-0.56372,-1.60031,-0.00027,7.56407022,-309.66497803,0.00184418,-0.00003415,120.57117462,0.02175244
2.60000,-4.02659655,6.91556787,0.00000136,2.12193,-4.99277,0.00019,7.52365160,-309.59591675,0.00185772,-0.00232226,120.54193115,0.01955770
2.61000,-4.02843285,6.90090132,-0.00000161,-0.18363,-1.46666,-0.00030,7.48324060,-309.52700806,0.00186851,-0.00415275,120.51849365,0.01718510
2.62000,-4.00413847,6.85070705,-0.00000139,2.42944,-5.01943,0.00002,7.44309616,-309.45855713,0.00188126,-0.00634525,120.49913025,0.01508372
2.63000,-4.00342035,6.83693790,0.00000051,0.07181,-1.37691,0.00019,7.40297842,-309.39025879,0.00189121,-0.00802547,120.48393250,0.01304997
2.64000,-3.97960806,6.78476906,0.00000092,2.38123,-5.21688,0.00004,7.36312246,-309.32244873,0.00190338,-0.01010185,120.47291565,0.01112686
2.65000,-3.98234010,6.77019262,0.00000097,-0.27320,-1.45764,0.00001,7.32326221,-309.25479126,0.00191246,-0.01165913,120.46717834,0.00902173
2.66000,-3.95914078,6.72230005,-0.00000076,2.31993,-4.78926,-0.00017,7.28365231,-309.18759155,0.00192329,-0.01348962,120.46430969,0.00725233
2.67000,-3.96091032,6.71037340,-0.00000120,-0.17695,-1.19267,-0.00004,7.24404144,-309.12051392,0.00193092,-0.01480102,120.46535492,0.00547538
2.68000,-3.93681765,6.66349363,0.00000106,2.40927,-4.68798,0.00023,7.20468569,-309.05386353,0.00194061,-0.01641977,120.46828461,0.00406807
2.69000,-3.93406940,6.65403318,-0.00000146,0.27483,-0.94604,-0.00025,7.16536283,-308.98730469,0.00194706,-0.01754675,120.47252655,0.00295455
2.70000,-3.90838194,6.60938883,-0.00000199,2.56875,-4.46444,-0.00005,7.12630367,-308.92123413,0.00195553,-0.01898110,120.47723389,0.00218579
2.71000,-3.90618157,6.60135365,-0.00000155,0.22004,-0.80352,0.00004,7.08727026,-308.85519409,0.00196079,-0.01989634,120.48302460,0.00151361
2.72000,-3.88102603,6.55783510,-0.00000117,2.51555,-4.35185,0.00004,7.04849148,-308.78961182,0.00196819,-0.02114626,120.48902130,0.00104606
2.73000,-3.87956715,6.55139017,-0.00000226,0.14589,-0.64449,-0.00011,7.00972986,-308.72406006,0.00197220,-0.02184294,120.49586487,0.00059078
2.74000,-3.85258198,6.51191807,-0.00000219,2.69852,-3.94721,0.00001,6.97123480,-308.65896606,0.00197834,-0.02288796,120.50116730,0.00054350
2.75000,-3.84732485,6.51059151,-0.00000071,0.52571,-0.13266,0.00015,6.93278265,-308.59387207,0.00198116,-0.02333876,120.50474548,0.00079304
2.76000,-3.82300854,6.47372293,-0.00000089,2.43163,-3.68686,-0.00002,6.89457083,-308.52908325,0.00198582,-0.02416521,120.50733948,0.00109718
2.77000,-3.82022905,6.47463989,-0.00000098,0.27795,0.09170,-0.00001,6.85637808,-308.46435547,0.00198723,-0.02441793,120.50865173,0.00147460
2.78000,-3.79874372,6.44132423,-0.00000165,2.14853,-3.33157,-0.00007,6.81839752,-308.39993286,0.00199024,-0.02495751,120.50930786,0.00179571
2.79000,-3.79848552,6.44522142,0.00000303,0.02582,0.38972,0.00047,6.78041315,-308.33547974,0.00199039,-0.02493019,120.50897980,0.00212071
2.80000,-3.77082396,6.42167425,-0.00000132,2.76616,-2.35472,-0.00043,6.74268532,-308.27127075,0.00199181,-0.02517608,120.50361633,0.00317059
2.81000,-3.74327111,6.44367218,-0.00000119,2.75528,2.19979,0.00001,6.70516825,-308.20687866,0.00199028,-0.02489604,120.48321533,0.00636954
2.82000,-3.70663023,6.43319988,-0.00000051,3.66409,-1.04723,0.00007,6.66796970,-308.14263916,0.00199017,-0.02489604,120.45243835,0.01016435
2.83000,-3.67551494,6.46102953,-0.00000140,3.11153,2.78296,-0.00009,6.63100529,-308.07812500,0.00198711,-0.02438377,120.40510559,0.01535152
2.84000,-3.66225719,6.44351006,-0.00000139,1.32577,-1.75195,0.00000,6.59416628,-308.01385498,0.00198528,-0.02407642,120.35881042,0.01840516
2.85000,-3.66133022,6.46364832,-0.00000046,0.09270,2.01383,0.00009,6.55731678,-307.94934082,0.00198032,-0.02322264,120.30985260,0.02074037
2.86000,-3.64992428,6.44956303,-0.00000184,1.14059,-1.40853,-0.00014,6.52058029,-307.88497925,0.00197685,-0.02260792,120.26186371,0.02197618
2.87000,-3.65124083,6.47376442,-0.00000189,-0.13165,2.42014,-0.00000,6.48381567,-307.82037354,0.00197033,-0.02151510,120.21151733,0.02314615
2.88000,-3.64211774,6.46383047,-0.00000175,0.91231,-0.99339,0.00001,6.44714594,-307.75585938,0.00196522,-0.02066132,120.16244507,0.02364104
2.89000,-3.65236592,6.48792171,0.00000189,-1.02482,2.40912,0.00036,6.41037560,-307.69113159,0.00195751,-0.01932260,120.11464691,0.02374401
2.90000,-3.64925265,6.47934723,-0.00000233,0.31133,-0.85745,-0.00042,6.37364960,-307.62646484,0.00195129,-0.01827759,120.06995392,0.02324332
2.91000,-3.66008449,6.50754452,-0.00000010,-1.08318,2.81973,0.00022,6.33681631,-307.56152344,0.00194233,-0.01675445,120.02578735,0.02286200
2.92000,-3.65775800,6.50283194,0.00000054,0.23265,-0.47126,0.00006,6.30001831,-307.49661255,0.00193523,-0.01556600,119.98409271,0.02217759
2.93000,-3.66948295,6.53458929,-0.00000022,-1.17249,3.17574,-0.00008,6.26310349,-307.43136597,0.00192558,-0.01388577,119.94248962,0.02177745
2.94000,-3.67746902,6.52809334,-0.00000156,-0.79861,-0.64960,-0.00013,6.22613716,-307.36621094,0.00191757,-0.01257438,119.90750122,0.02036613
2.95000,-3.70132494,6.55656719,0.00000288,-2.38559,2.84739,0.00044,6.18895435,-307.30072021,0.00190742,-0.01079853,119.87762451,0.01864192
2.96000,-3.70776963,6.55444145,-0.00000088,-0.64447,-0.21257,-0.00038,6.15173101,-307.23526001,0.00189911,-0.00939834,119.85227203,0.01674895
2.97000,-3.73081541,6.58679438,0.00000126,-2.30458,3.23529,0.00021,6.11429453,-307.16943359,0.00188862,-0.00756785,119.83044434,0.01499668
2.98000,-3.73655081,6.58809566,-0.00000259,-0.57354,0.13013,-0.00039,6.07681799,-307.10360718,0.00187984,-0.00610619,119.81188202,0.01332840
2.99000,-3.75945210,6.62358999,-0.00000020,-2.29013,3.54943,0.00024,6.03912592,-307.03741455,0.00186901,-0.00424155,119.79569244,0.01189947
3.00000,-3.76851034,6.62582207,-0.00000029,-0.90582,0.22321,-0.00001,6.00136328,-306.97119141,0.00186012,-0.00274574,119.78345490,0.01030437
3.01000,-3.79547262,6.66159248,0.00000116,-2.69623,3.57704,0.00014,5.96334743,-306.90460205,0.00184933,-0.00088792,119.77476501,0.00872122
3.02000,-3.80377626,6.66676903,-0.00000030,-0.83036,0.51765,-0.00015,5.92526484,-306.83795166,0.00184040,0.00061472,119.76873016,0.00724965
3.03000,-3.83049941,6.70506287,0.00000082,-2.67231,3.82938,0.00011,5.88692665,-306.77090454,0.00182949,0.00246570,119.76521301,0.00590709
3.04000,-3.83753109,6.71315193,0.00000218,-0.70317,0.80891,0.00014,5.84852791,-306.70379639,0.00182079,0.00395468,119.76293182,0.00482616
3.05000,-3.86324668,6.75411892,0.00000147,-2.57156,4.09670,-0.00007,5.80987835,-306.63623047,0.00181015,0.00577151,119.76194763,0.00392937
3.06000,-3.87061143,6.76398993,0.00000172,-0.73647,0.98710,0.00002,5.77116203,-306.56857300,0.00180153,0.00723317,119.76187134,0.00319982
3.07000,-3.89676952,6.80649805,0.00000222,-2.61581,4.25081,0.00005,5.73218775,-306.50051880,0.00179134,0.00900902,119.76263428,0.00257547
3.08000,-3.90454221,6.81787872,-0.00000361,-0.77727,1.13807,-0.00058,5.69314146,-306.43231201,0.00178291,0.01041604,119.76398468,0.00206646
3.09000,-3.90042400,6.87646103,0.00000137,0.41182,5.85823,0.00050,5.65407896,-306.36355591,0.00177299,0.01210309,119.75119781,0.00416226
3.10000,-3.87616897,6.90915871,0.00000072,2.42550,3.26977,-0.00007,5.61519289,-306.29455566,0.00176510,0.01345547,119.72280121,0.00814518
3.11000,-3.86000276,6.97333717,0.00000105,1.61662,6.41785,0.00003,5.57638454,-306.22494507,0.00175587,0.01503325,119.67607880,0.01384074
3.12000,-3.84102154,7.00338984,0.00000191,1.89812,3.00527,0.00009,5.53770685,-306.15502930,0.00174854,0.01629000,119.61765289,0.01938554
3.13000,-3.83153057,7.06577969,-0.00000059,0.94910,6.23899,-0.00025,5.49905443,-306.08453369,0.00173981,0.01779264,119.54529572,0.02531294
3.14000,-3.83995652,7.08136225,-0.00000163,-0.84260,1.55826,-0.00010,5.46031618,-306.01388550,0.00173279,0.01897427,119.47582245,0.02846769
3.15000,-3.85807920,7.13281345,-0.00000258,-1.81227,5.14512,-0.00010,5.42138863,-305.94277954,0.00172405,0.02044276,119.40639496,0.03056631
3.16000,-3.86487055,7.14941692,-0.00000043,-0.67914,1.66035,0.00022,5.38239717,-305.87142944,0.00171745,0.02158340,119.33899689,0.03143914
3.17000,-3.88214326,7.20220566,-0.00000074,-1.72727,5.27887,-0.00003,5.34322882,-305.79959106,0.00170918,0.02299041,119.27118683,0.03219387
3.18000,-3.88834882,7.22035646,-0.00000160,-0.62056,1.81508,-0.00009,5.30400419,-305.72756958,0.00170277,0.02406958,119.20518494,0.03231157
3.19000,-3.91994905,7.26602316,0.00000011,-3.16002,4.56667,0.00017,5.26449108,-305.65505981,0.00169510,0.02540830,119.14585114,0.03138750
3.20000,-3.93662333,7.27903509,-0.00000411,-1.66743,1.30119,-0.00042,5.22484016,-305.58242798,0.00168903,0.02641917,119.09313965,0.02963015
3.21000,-3.96393108,7.32453394,-0.00000037,-2.73077,4.54988,0.00037,5.18493843,-305.50933838,0.00168205,0.02763494,119.04478455,0.02788316
3.22000,-3.97547603,7.33593225,-0.00000316,-1.15449,1.13983,-0.00028,5.14494514,-305.43609619,0.00167690,0.02846823,119.00117493,0.02596513
3.23000,-3.99791837,7.37738752,0.00000130,-2.24423,4.14553,0.00045,5.10474396,-305.36242676,0.00167145,0.02944494,118.96054840,0.02435454
3.24000,-4.01671028,7.37817669,-0.00000277,-1.87919,0.07892,-0.00041,5.06439781,-305.28875732,0.00166824,0.02996404,118.92929840,0.02172525
3.25000,-4.04618263,7.40406609,0.00000004,-2.94724,2.58894,0.00028,5.02379656,-305.21478271,0.00166489,0.03052411,118.90615845,0.01873463
3.26000,-4.05416632,7.39717674,0.00000118,-0.79837,-0.68893,0.00011,4.98314905,-305.14086914,0.00166492,0.03055826,118.88913727,0.01580139
3.27000,-4.07497692,7.41419840,-0.00000256,-2.08106,1.70217,-0.00037,4.94232464,-305.06677246,0.00166473,0.03052411,118.87806702,0.01298086
3.28000,-4.07442665,7.39928675,0.00000359,0.05503,-1.49117,0.00061,4.90153074,-304.99282837,0.00166813,0.02995721,118.87100983,0.01052464
3.29000,-4.08880615,7.40909719,0.00000283,-1.43795,0.98104,-0.00008,4.86061621,-304.91876221,0.00167179,0.02935615,118.86828613,0.00825157
3.30000,-4.08379889,7.38768482,0.00000297,0.50073,-2.14124,0.00001,4.81977272,-304.84490967,0.00167847,0.02824283,118.86879730,0.00627428
3.31000,-4.09600115,7.39271593,-0.00000254,-1.22023,0.50311,-0.00055,4.77882719,-304.77096558,0.00168438,0.02718415,118.87336731,0.00434060
3.32000,-4.08687639,7.36735344,0.00000275,0.91248,-2.53625,0.00053,4.73798800,-304.69729614,0.00169327,0.02568834,118.88001251,0.00276625
3.33000,-4.09579182,7.36906958,0.00000071,-0.89154,0.17161,-0.00020,4.69707489,-304.62359619,0.00170151,0.02432230,118.88972473,0.00123670
3.34000,-4.08330441,7.33989525,-0.00000168,1.24874,-2.91743,-0.00024,4.65629673,-304.55020142,0.00171177,0.02253279,118.90073395,0.00004791
3.35000,-4.08401823,7.34203291,0.00000247,-0.07138,0.21377,0.00041,4.61551237,-304.47674561,0.00172134,0.02094136,118.91129303,-0.00064087
3.36000,-4.06583309,7.31105375,-0.00000289,1.81851,-3.09792,-0.00054,4.57490969,-304.40362549,0.00173271,0.01896743,118.92118073,-0.00097656
3.37000,-4.06555557,7.31021023,0.00000199,0.02775,-0.08435,0.00049,4.53430843,-304.33050537,0.00174286,0.01722574,118.93085480,-0.00119019
3.38000,-4.04590178,7.27568769,0.00000142,1.96538,-3.45225,-0.00006,4.49390268,-304.25775146,0.00175518,0.01512887,118.93992615,-0.00125122
3.39000,-4.01203537,7.28740072,0.00000122,3.38664,1.17130,-0.00002,4.45377159,-304.18490601,0.00176594,0.01328472,118.93328857,0.00137080
3.40000,-3.96623230,7.26437235,0.00000186,4.58031,-2.30284,0.00006,4.41404343,-304.11230469,0.00177898,0.01110589,118.91443634,0.00510234
3.41000,-3.91771269,7.27753210,-0.00000162,4.85196,1.31598,-0.00035,4.37470675,-304.03964233,0.00179012,0.00916611,118.87493134,0.01092773
3.42000,-3.87512445,7.24947691,0.00000226,4.25882,-2.80552,0.00039,4.33574915,-303.96728516,0.00180336,0.00691898,118.82695007,0.01603948
3.43000,-3.83298945,7.25873375,0.00000140,4.21350,0.92568,-0.00009,4.29713297,-303.89486694,0.00181480,0.00499287,118.76271820,0.02194340
3.44000,-3.80790663,7.21800804,-0.00000242,2.50828,-4.07257,-0.00038,4.25876379,-303.82284546,0.00182789,0.00276623,118.70066071,0.02530120
3.45000,-3.79296756,7.21560907,-0.00000033,1.49391,-0.23990,0.00021,4.22052240,-303.75088501,0.00183834,0.00095623,118.63590240,0.02776609
3.46000,-3.76603532,7.17223167,0.00000083,2.69322,-4.33774,0.00012,4.18255520,-303.67935181,0.00185123,-0.00122260,118.57330322,0.02896255
3.47000,-3.75025296,7.16906548,-0.00000224,1.57824,-0.31662,-0.00031,4.14473009,-303.60784912,0.00186111,-0.00293015,118.50817108,0.03007764
3.48000,-3.72222781,7.12401247,0.00000043,2.80252,-4.50530,0.00027,4.10719395,-303.53680420,0.00187336,-0.00500653,118.44550323,0.03043209
3.49000,-3.72095823,7.11232948,-0.00000072,0.12696,-1.16830,-0.00011,4.06968737,-303.46585083,0.00188271,-0.00662528,118.38768768,0.02975027
3.50000,-3.69889832,7.06236267,0.00000306,2.20599,-4.99668,0.00038,4.03242731,-303.39538574,0.00189449,-0.00860604,118.33537292,0.02845862
3.51000,-3.69439173,7.05152988,0.00000124,0.45066,-1.08328,-0.00018,3.99522614,-303.32504272,0.00190334,-0.01010185,118.28627777,0.02705928
3.52000,-3.66979337,7.00106049,-0.00000041,2.45984,-5.04694,-0.00016,3.95829344,-303.25515747,0.00191448,-0.01199381,118.24147034,0.02553804
3.53000,-3.66310835,6.99072552,-0.00000071,0.66850,-1.03350,-0.00003,3.92143726,-303.18539429,0.00192280,-0.01340083,118.19863129,0.02421669
3.54000,-3.64510489,6.93534088,-0.00000155,1.80035,-5.53846,-0.00008,3.88479733,-303.11614990,0.00193314,-0.01522449,118.16338348,0.02219143
3.55000,-3.65187740,6.91893435,0.00000237,-0.67725,-1.64065,0.00039,3.84812498,-303.04705811,0.00194084,-0.01648124,118.13617706,0.01952045
3.56000,-3.63340330,6.86919403,-0.00000192,1.84741,-4.97403,-0.00043,3.81166720,-302.97845459,0.00195019,-0.01810000,118.11428833,0.01699764
3.57000,-3.63825870,6.85754299,-0.00000034,-0.48554,-1.16510,0.00016,3.77518892,-302.90994263,0.00195602,-0.01910404,118.09828186,0.01441641
3.58000,-3.61885762,6.81086922,0.00000094,1.94011,-4.66738,0.00013,3.73892713,-302.84185791,0.00196407,-0.02047691,118.08601379,0.01221545
3.59000,-3.62442470,6.79875040,0.00000021,-0.55671,-1.21188,-0.00007,3.70263720,-302.77392578,0.00196880,-0.02126921,118.07948303,0.00985470
3.60000,-3.60519099,6.75244331,0.00000068,1.92337,-4.63071,0.00005,3.66655898,-302.70642090,0.00197567,-0.02243034,118.07612610,0.00787493
3.61000,-3.60920501,6.74250889,0.00000054,-0.40140,-0.99344,-0.00001,3.63046098,-302.63900757,0.00197933,-0.02307238,118.07697296,0.00590881
3.62000,-3.58947659,6.69836473,0.00000097,1.97284,-4.41442,0.00004,3.59457445,-302.57202148,0.00198528,-0.02404226,118.07975769,0.00435093
3.63000,-3.59305072,6.69101000,-0.00000332,-0.35741,-0.73547,-0.00043,3.55866694,-302.50509644,0.00198753,-0.02447940,118.08585358,0.00282635
3.64000,-3.57384944,6.64984989,0.00000403,1.92013,-4.11601,0.00074,3.52296138,-302.43859863,0.00199238,-0.02527170,118.09306335,0.00166371
3.65000,-3.57779408,6.64544535,-0.00000062,-0.39446,-0.44045,-0.00047,3.48722672,-302.37210083,0.00199375,-0.02547660,118.10273743,0.00050892
3.66000,-3.55763841,6.60923815,-0.00000083,2.01557,-3.62072,-0.00002,3.45169568,-302.30599976,0.00199699,-0.02602985,118.11191559,-0.00015259
3.67000,-3.55906796,6.61015368,-0.00000074,-0.14296,0.09155,0.00001,3.41615081,-302.23986816,0.00199688,-0.02602985,118.12131500,-0.00061035
3.68000,-3.54144621,6.57800341,-0.00000001,1.76218,-3.21503,0.00007,3.38078237,-302.17407227,0.00199871,-0.02633038,118.13030243,-0.00085449
3.69000,-3.54507279,6.58242178,-0.00000092,-0.36266,0.44184,-0.00009,3.34537721,-302.10824585,0.00199718,-0.02606400,118.13956451,-0.00106811
3.70000,-3.52644181,6.55719280,-0.00000211,1.86310,-2.52290,-0.00012,3.31015038,-302.04266357,0.00199722,-0.02609132,118.14647675,-0.00082398
3.71000,-3.52680445,6.56876469,-0.00000030,-0.03626,1.15719,0.00018,3.27490711,-301.97695923,0.00199409,-0.02556540,118.15098572,-0.00030518
3.72000,-3.51211214,6.54809380,-0.00000155,1.46923,-2.06709,-0.00013,3.23980403,-301.91143799,0.00199249,-0.02529902,118.15390778,0.00027898
3.73000,-3.51587605,6.56328964,-0.00000072,-0.37639,1.51958,0.00008,3.20465255,-301.84582520,0.00198769,-0.02447940,118.15508270,0.00090849
3.74000,-3.49422932,6.55223513,-0.00000059,2.16467,-1.10545,0.00001,3.16969180,-301.78027344,0.00198448,-0.02392615,118.15013885,0.00231552
3.75000,-3.47082853,6.58380842,-0.00000038,2.34008,3.15733,0.00002,3.13489747,-301.71447754,0.00197838,-0.02292211,118.12992096,0.00579287
3.76000,-3.43658161,6.58583403,0.00000082,3.42469,0.20256,0.00012,3.10038662,-301.64868164,0.00197392,-0.02212981,118.09707642,0.01013421
3.77000,-3.39143968,6.62719965,0.00000005,4.51419,4.13656,-0.00008,3.06621504,-301.58255005,0.00196724,-0.02099600,118.03975677,0.01703193
3.78000,-3.35760927,6.63482332,-0.00000033,3.38304,0.76237,-0.00004,3.03231716,-301.51635742,0.00196171,-0.02008075,117.97043610,0.02341151
3.79000,-3.35403037,6.66692495,0.00000350,0.35789,3.21016,0.00038,2.99841952,-301.44989014,0.00195347,-0.01864642,117.89649200,0.02821353
3.80000,-3.35075068,6.65883064,0.00000008,0.32797,-0.80943,-0.00034,2.96455741,-301.38348389,0.00194714,-0.01758091,117.82601929,0.03053546
3.81000,-3.35663056,6.69154263,-0.00000035,-0.58799,3.27120,-0.00004,2.93062687,-301.31674194,0.00193790,-0.01598947,117.75484467,0.03212995
3.82000,-3.35440230,6.68934631,-0.00000096,0.22283,-0.21963,-0.00006,2.89672732,-301.25003052,0.00193035,-0.01471223,117.68666840,0.03257006
3.83000,-3.36062026,6.72549248,-0.00000209,-0.62180,3.61462,-0.00011,2.86275911,-301.18295288,0.00192032,-0.01299785,117.61747742,0.03307582
3.84000,-3.36863923,6.72133780,-0.00000172,-0.80190,-0.41547,0.00004,2.82873988,-301.11590576,0.00191185,-0.01159766,117.55566406,0.03208923
3.85000,-3.38728118,6.75478029,0.00000279,-1.86419,3.34425,0.00045,2.79455304,-301.04852295,0.00190144,-0.00976717,117.49801636,0.03081259
3.86000,-3.39329958,6.75496101,-0.00000326,-0.60184,0.01807,-0.00061,2.76033139,-300.98110962,0.00189262,-0.00830551,117.44558716,0.02906869
3.87000,-3.41071367,6.79211950,0.00000136,-1.74141,3.71585,0.00046,2.72595000,-300.91329956,0.00188179,-0.00644087,117.39590454,0.02759464
3.88000,-3.41561460,6.79559231,0.00000100,-0.49009,0.34728,-0.00004,2.69153953,-300.84548950,0.00187279,-0.00491091,117.35005951,0.02597857
3.89000,-3.44738507,6.82759619,0.00000075,-3.17705,3.20039,-0.00002,2.65685177,-300.77728271,0.00186180,-0.00302577,117.31320190,0.02349944
3.90000,-3.46229267,6.82937193,-0.00000020,-1.49076,0.17757,-0.00010,2.62205219,-300.70907593,0.00185261,-0.00149581,117.28382111,0.02062577
3.91000,-3.49129987,6.86547947,0.00000316,-2.90072,3.61075,0.00034,2.58699393,-300.64047241,0.00184177,0.00038932,117.26062775,0.01780518
3.92000,-3.50314808,6.87020779,-0.00000073,-1.18482,0.47283,-0.00039,2.55184650,-300.57180786,0.00183281,0.00191245,117.24265289,0.01513462
3.93000,-3.53058100,6.90932703,-0.00000031,-2.74329,3.91192,0.00004,2.51644850,-300.50274658,0.00182186,0.00377026,117.22907257,0.01274533
3.94000,-3.54264617,6.91610193,0.00000185,-1.20652,0.67749,0.00022,2.48095417,-300.43359375,0.00181328,0.00526608,117.21974182,0.01048591
3.95000,-3.57111692,6.95659542,-0.00000202,-2.84708,4.04935,-0.00039,2.44519591,-300.36404419,0.00180229,0.00708974,117.21440125,0.00840974
3.96000,-3.58186245,6.96576691,0.00000393,-1.07455,0.91715,0.00060,2.40934825,-300.29440308,0.00179401,0.00854457,117.21198273,0.00659133
3.97000,-3.60967135,7.00823593,0.00000011,-2.78089,4.24690,-0.00038,2.37323761,-300.22430420,0.00178341,0.01030676,117.21246338,0.00496691
3.98000,-3.61972928,7.01932478,0.00000256,-1.00579,1.10888,0.00024,2.33703923,-300.15411377,0.00177544,0.01171377,117.21478271,0.00359752
3.99000,-3.64339447,7.06540251,-0.00000189,-2.36652,4.60777,-0.00044,2.30060697,-300.08346558,0.00176529,0.01340766,117.21732330,0.00270086
4.00000,-3.65035629,7.07945251,0.00000263,-0.69618,1.40500,0.00045,2.26410842,-300.01263428,0.00175766,0.01476004,117.21979523,0.00212358
4.01000,-3.67468619,7.12635565,-0.00000443,-2.43299,4.69031,-0.00071,2.22736740,-299.94134521,0.00174786,0.01639245,117.22244263,0.00171902
4.02000,-3.68229938,7.14133692,0.00000043,-0.76132,1.49813,0.00049,2.19055200,-299.86993408,0.00174034,0.01766970,117.22511292,0.00144650
4.03000,-3.70714712,7.18897152,0.00000174,-2.48477,4.76346,0.00013,2.15348816,-299.79803467,0.00173122,0.01922698,117.22777557,0.00123108
4.04000,-3.71132350,7.20679712,0.00000116,-0.41764,1.78256,-0.00006,2.11637592,-299.72592163,0.00172432,0.02042910,117.22850037,0.00140844
4.05000,-3.73209071,7.25644922,-0.00000257,-2.07672,4.96521,-0.00037,2.07904744,-299.65338135,0.00171551,0.02189076,117.22746277,0.00180589
4.06000,-3.73693252,7.27278709,0.00000137,-0.48418,1.63379,0.00039,2.04166508,-299.58062744,0.00170933,0.02298358,117.22511292,0.00224892
4.07000,-3.75740123,7.32008934,-0.00000201,-2.04687,4.73022,-0.00034,2.00407028,-299.50744629,0.00170158,0.02428815,117.22138214,0.00273304
4.08000,-3.76226926,7.33468962,-0.00000133,-0.48680,1.46003,0.00007,1.96642363,-299.43408203,0.00169598,0.02521706,117.21685791,0.00315030
4.09000,-3.78244376,7.38031340,0.00000382,-2.01745,4.56238,0.00051,1.92856932,-299.36029053,0.00168957,0.02633038,117.21128845,0.00356281
4.10000,-3.78588915,7.39443779,-0.00000105,-0.34454,1.41244,-0.00049,1.89067543,-299.28634644,0.00168522,0.02708853,117.20456696,0.00399891
4.11000,-3.80299807,7.43701267,-0.00000022,-1.71089,4.25749,0.00008,1.85260308,-299.21200562,0.00167988,0.02801060,117.19634247,0.00450606
4.12000,-3.80427551,7.44506454,-0.00000226,-0.12774,0.80519,-0.00020,1.81451488,-299.13757324,0.00167702,0.02846823,117.18740845,0.00492083
4.13000,-3.81898880,7.48194218,-0.00000159,-1.47133,3.68776,0.00007,1.77627361,-299.06277466,0.00167366,0.02906245,117.17736816,0.00536007
4.14000,-3.81939816,7.48468971,-0.00000120,-0.04094,0.27475,0.00004,1.73802865,-298.98794556,0.00167282,0.02919223,117.16746521,0.00559344
4.15000,-3.83148694,7.51297092,-0.00000036,-1.20888,2.82812,0.00008,1.69966078,-298.91281128,0.00167179,0.02938347,117.15713501,0.00579048
4.16000,-3.82666993,7.50536489,-0.00000097,0.48170,-0.76060,-0.00006,1.66134274,-298.83779907,0.00167374,0.02902830,117.14700317,0.00586456
4.17000,-3.83375168,7.52387905,0.00000006,-0.70817,1.85142,0.00010,1.62295210,-298.76260376,0.00167580,0.02867996,117.13648224,0.00595907
4.18000,-3.82468772,7.50785255,0.00000169,0.90640,-1.60265,0.00016,1.58465445,-298.68756104,0.00168102,0.02779204,117.12618256,0.00596283
4.19000,-3.82873464,7.52045536,-0.00000166,-0.40469,1.26028,-0.00033,1.54631484,-298.61239624,0.00168571,0.02696558,117.11563873,0.00601332
4.20000,-3.81860018,7.49866629,0.00000353,1.01345,-2.17891,0.00052,1.50808191,-298.53744507,0.00169353,0.02566102,117.10596466,0.00586364
4.21000,-3.82239676,7.50585604,-0.00000195,-0.37966,0.71898,-0.00055,1.46981335,-298.46240234,0.00170052,0.02447940,117.09692383,0.00565553
4.22000,-3.80945754,7.47958469,-0.00000094,1.29392,-2.62713,0.00010,1.43167925,-298.38766479,0.00170990,0.02286064,117.08868408,0.00538982
4.23000,-3.81106567,7.48330164,-0.00000047,-0.16081,0.37169,0.00005,1.39353049,-298.31283569,0.00171829,0.02142630,117.08080292,0.00514807
4.24000,-3.79578400,7.45307398,-0.00000117,1.52817,-3.02277,-0.00007,1.35553920,-298.23834229,0.00172913,0.01958215,117.07350922,0.00489336
4.25000,-3.79737568,7.45298767,-0.00000004,-0.15917,-0.00863,0.00011,1.31753600,-298.16384888,0.00173836,0.01797706,117.06732941,0.00453923
4.26000,-3.78099203,7.41878319,0.00000298,1.63836,-3.42045,0.00030,1.27970254,-298.08969116,0.00175030,0.01598264,117.06200409,0.00416700
4.27000,-3.78084445,7.41642380,-0.00000072,0.01476,-0.23594,-0.00037,1.24187350,-298.01556396,0.00176037,0.01426143,117.05747223,0.00379150
4.28000,-3.76249862,7.37920570,-0.00000077,1.83458,-3.72181,-0.00001,1.20423281,-297.94180298,0.00177258,0.01217823,117.05356598,0.00344789
4.29000,-3.76178789,7.37449932,0.00000010,0.07107,-0.47064,0.00009,1.16660285,-297.86807251,0.00178299,0.01040921,117.05061340,0.00306157
4.30000,-3.74219036,7.33437967,-0.00000102,1.95975,-4.01196,-0.00011,1.12917352,-297.79476929,0.00179554,0.00827819,117.04834747,0.00271014
4.31000,-3.74024367,7.32812357,-0.00000157,0.19467,-0.62561,-0.00006,1.09176624,-297.72146606,0.00180592,0.00650234,117.04669189,0.00236190
4.32000,-3.71914029,7.28564978,-0.00000100,2.11034,-4.24738,0.00006,1.05457389,-297.64865112,0.00181850,0.00436449,117.04550171,0.00206811
4.33000,-3.71622682,7.27808475,-0.00000111,0.29135,-0.75650,-0.00001,1.01741207,-297.57589722,0.00182873,0.00261596,117.04487610,0.00178658
4.34000,-3.69373751,7.23357582,-0.00000186,2.24893,-4.45089,-0.00008,0.98047805,-297.50357056,0.00184113,0.00050543,117.04442596,0.00156536
4.35000,-3.68987155,7.22501802,-0.00000107,0.38660,-0.85578,0.00008,0.94358289,-297.43133545,0.00185104,-0.00118845,117.04435730,0.00136820
4.36000,-3.66634417,7.17863560,-0.00000093,2.35274,-4.63824,0.00001,0.90692550,-297.35955811,0.00186321,-0.00326483,117.04435730,0.00121112
4.37000,-3.66191816,7.16916180,-0.00000094,0.44260,-0.94738,-0.00000,0.87031204,-297.28787231,0.00187267,-0.00488359,117.04463196,0.00106531
4.38000,-3.63749981,7.12113428,-0.00000083,2.44184,-4.80275,0.00001,0.83394468,-297.21667480,0.00188442,-0.00689849,117.04496002,0.00094902
4.39000,-3.63195586,7.11126804,0.00000112,0.55439,-0.98662,0.00019,0.79763091,-297.14556885,0.00189350,-0.00842162,117.04515839,0.00089379
4.40000,-3.60647202,7.06195593,0.00000203,2.54838,-4.93121,0.00009,0.76157296,-297.07495117,0.00190483,-0.01037506,117.04534149,0.00086202
4.41000,-3.60071826,7.05144310,0.00000113,0.57538,-1.05128,-0.00009,0.72557044,-297.00445557,0.00191330,-0.01180940,117.04534149,0.00085124
4.42000,-3.57465839,7.00083590,0.00000023,2.60599,-5.06072,-0.00009,0.68982971,-296.93447876,0.00192413,-0.01363989,117.04525757,0.00084361
4.43000,-3.56873608,6.98983240,-0.00000125,0.59223,-1.10035,-0.00015,0.65414602,-296.86459351,0.00193203,-0.01498543,117.04515076,0.00084263
4.44000,-3.54193926,6.93822622,-0.00000150,2.67968,-5.16062,-0.00002,0.61873108,-296.79522705,0.00194237,-0.01675445,117.04487610,0.00085558
4.45000,-3.53638959,6.92881584,-0.00000095,0.55497,-0.94104,0.00005,0.58336866,-296.72592163,0.00194946,-0.01797706,117.04435730,0.00089574
4.46000,-3.51202321,6.88176250,-0.00000057,2.43664,-4.70533,0.00004,0.54825056,-296.65713501,0.00195847,-0.01950019,117.04375458,0.00092565
4.47000,-3.50841212,6.87589264,-0.00000213,0.36111,-0.58699,-0.00016,0.51316559,-296.58837891,0.00196396,-0.02044276,117.04297638,0.00096657
4.48000,-3.48596191,6.83243704,-0.00000079,2.24502,-4.34556,0.00013,0.47830585,-296.52008057,0.00197140,-0.02169951,117.04212952,0.00098975
4.49000,-3.48293304,6.82753086,-0.00000160,0.30289,-0.49062,-0.00008,0.44347370,-296.45181274,0.00197544,-0.02236887,117.04113007,0.00101966
4.50000,-3.46127772,6.78553867,-0.00000226,2.16553,-4.19922,-0.00007,0.40885901,-296.38397217,0.00198135,-0.02340023,117.04006958,0.00103252
4.51000,-3.45897770,6.78198576,-0.00000175,0.23000,-0.35529,0.00005,0.37426484,-296.31616211,0.00198406,-0.02386468,117.03894806,0.00105244
4.52000,-3.43846297,6.74213791,-0.00000058,2.05147,-3.98479,0.00012,0.33987683,-296.24874878,0.00198860,-0.02465698,117.03782654,0.00105567
4.53000,-3.43729138,6.74070644,0.00000187,0.11716,-0.14315,0.00025,0.30549824,-296.18133545,0.00199020,-0.02489604,117.03654480,0.00106712
4.54000,-3.41851854,6.70389271,-0.00000175,1.87728,-3.68137,-0.00036,0.27130866,-296.11431885,0.00199356,-0.02547660,117.03536987,0.00104995
4.55000,-3.41899705,6.70514202,-0.00000198,-0.04785,0.12493,-0.00002,0.23711242,-296.04727173,0.00199341,-0.02547660,117.03417969,0.00103106
4.56000,-3.40221906,6.67228270,0.00000397,1.67780,-3.28593,0.00060,0.20308536,-295.98056030,0.00199562,-0.02581811,117.03307343,0.00100042
4.57000,-3.40443420,6.67698479,-0.00000244,-0.22151,0.47021,-0.00064,0.16903421,-295.91378784,0.00199406,-0.02559955,117.03198242,0.00097373
4.58000,-3.39004660,6.64883852,0.00000257,1.43876,-2.81463,0.00050,0.13512821,-295.84729004,0.00199444,-0.02566102,117.03089905,0.00094094
4.59000,-3.39437056,6.65770864,0.00000199,-0.43240,0.88701,-0.00006,0.10117711,-295.78073120,0.00199177,-0.02514875,117.02980804,0.00091692
4.60000,-3.38263822,6.63478518,-0.00000307,1.17323,-2.29235,-0.00051,0.06734440,-295.71435547,0.00199028,-0.02493019,117.02878571,0.00088500
4.61000,-3.38938832,6.64782763,0.00000051,-0.67501,1.30424,0.00036,0.03344285,-295.64788818,0.00198563,-0.02416521,117.02785492,0.00084138
4.62000,-3.38019943,6.62958050,0.00000233,0.91889,-1.82471,0.00018,-0.00036535,-295.58160400,0.00198303,-0.02365294,117.02700806,0.00079094
4.63000,-3.38897491,6.64672518,-0.00000392,-0.87755,1.71447,-0.00062,-0.03426280,-295.51513672,0.00197670,-0.02264208,117.02628326,0.00074180
4.64000,-3.38202667,6.63273811,0.00000294,0.69482,-1.39871,0.00069,-0.06808917,-295.44879150,0.00197262,-0.02187710,117.02562714,0.00068482
4.65000,-3.39285159,6.65368748,-0.00000267,-1.08249,2.09494,-0.00056,-0.10202502,-295.38226318,0.00196514,-0.02063400,117.02512360,0.00062675
4.66000,-3.38783693,6.64361382,-0.00000085,0.50147,-1.00737,0.00018,-0.13590930,-295.31579590,0.00195930,-0.01967777,117.02462769,0.00057029
4.67000,-3.40045738,6.66819000,0.00000174,-1.26204,2.45762,0.00026,-0.16992088,-295.24911499,0.00195091,-0.01824343,117.02426147,0.00051928
4.68000,-3.39720702,6.66165829,0.00000285,0.32504,-0.65317,0.00011,-0.20389865,-295.18249512,0.00194424,-0.01708913,117.02393341,0.00047223
4.69000,-3.41155839,6.68955374,0.00000178,-1.43514,2.78955,-0.00011,-0.23802108,-295.11557007,0.00193485,-0.01550453,117.02367401,0.00042605
4.70000,-3.40995383,6.68621683,0.00000205,0.16046,-0.33369,0.00003,-0.27212605,-295.04873657,0.00192764,-0.01422045,117.02348328,0.00038231
4.71000,-3.42583346,6.71717834,-0.00000237,-1.58796,3.09615,-0.00044,-0.30639100,-294.98153687,0.00191750,-0.01254706,117.02337646,0.00034079
4.72000,-3.42567921,6.71674538,0.00000192,0.01543,-0.04330,0.00043,-0.34065303,-294.91436768,0.00190941,-0.01117419,117.02322388,0.00030462
4.73000,-3.44295025,6.75048161,0.00000096,-1.72710,3.37362,-0.00010,-0.37508896,-294.84686279,0.00189903,-0.00937102,117.02315521,0.00027073
4.74000,-3.44410610,6.75265598,0.00000144,-0.11559,0.21744,0.00005,-0.40953508,-294.77932739,0.00189056,-0.00793668,117.02315521,0.00024052
4.75000,-3.46258879,6.78890896,0.00000076,-1.84827,3.62530,-0.00007,-0.44416729,-294.71142578,0.00187981,-0.00610619,117.02315521,0.00021804
4.76000,-3.46489215,6.79343367,0.00000136,-0.23034,0.45247,0.00006,-0.47882134,-294.64349365,0.00187103,-0.00461038,117.02310181,0.00019829
4.77000,-3.48450565,6.83190060,0.00000126,-1.96135,3.84669,-0.00001,-0.51367265,-294.57516479,0.00186020,-0.00274574,117.02310181,0.00018281
4.78000,-3.48787045,6.83850384,0.00000052,-0.33648,0.66032,-0.00007,-0.54855651,-294.50677490,0.00185143,-0.00124992,117.02303314,0.00016923
4.79000,-3.50848317,6.87892818,0.00000196,-2.06127,4.04243,0.00014,-0.58364755,-294.43795776,0.00184055,0.00060789,117.02301788,0.00015640
4.80000,-3.51274276,6.88740444,0.00000170,-0.42596,0.84763,-0.00003,-0.61878014,-294.36911011,0.00183170,0.00210370,117.02296448,0.00014936
4.81000,-3.53417850,6.92957067,0.00000123,-2.14357,4.21662,-0.00005,-0.65412825,-294.29977417,0.00182087,0.00394102,117.02289581,0.00014581
4.82000,-3.53928804,6.93968058,0.00000051,-0.51095,1.01099,-0.00007,-0.68952644,-294.23037720,0.00181229,0.00541634,117.02281189,0.00014238
4.83000,-3.56149411,6.98333597,-0.00000127,-2.22061,4.36554,-0.00018,-0.72514778,-294.16055298,0.00180172,0.00721951,117.02272797,0.00014089
4.84000,-3.56732631,6.99490166,-0.00000008,-0.58322,1.15657,0.00012,-0.76082635,-294.09057617,0.00179333,0.00866068,117.02260590,0.00014100
4.85000,-3.59016967,7.03985596,-0.00000094,-2.28434,4.49543,-0.00009,-0.79673445,-294.02020264,0.00178310,0.01040921,117.02252960,0.00014303
4.86000,-3.59666467,7.05269098,-0.00000171,-0.64950,1.28350,-0.00008,-0.83270651,-293.94964600,0.00177475,0.01180257,117.02236176,0.00014303
4.87000,-3.62008023,7.09874821,0.00000189,-2.34156,4.60572,0.00036,-0.86891365,-293.87863159,0.00176510,0.01348962,117.02217102,0.00014435
4.88000,-3.62715387,7.11269808,-0.00000240,-0.70736,1.39499,-0.00043,-0.90519047,-293.80749512,0.00175709,0.01482151,117.02201080,0.00014402
4.89000,-3.65106654,7.15968657,0.00000181,-2.39127,4.69885,0.00042,-0.94170743,-293.73590088,0.00174767,0.01644710,117.02178955,0.00014335
4.90000,-3.65865707,7.17461634,-0.00000149,-0.75905,1.49298,-0.00033,-0.97829926,-293.66415405,0.00174019,0.01770385,117.02159882,0.00014043
4.91000,-3.68297243,7.22239304,-0.00000057,-2.43154,4.77767,0.00009,-1.01513505,-293.59191895,0.00173111,0.01926113,117.02139282,0.00013924
4.92000,-3.69100618,7.23819017,-0.00000049,-0.80338,1.57971,0.00001,-1.05205011,-293.51953125,0.00172413,0.02045641,117.02120209,0.00013599
4.93000,-3.71565604,7.28662252,-0.00000145,-2.46499,4.84324,-0.00010,-1.08921242,-293.44662476,0.00171562,0.02192491,117.02102661,0.00013283
4.94000,-3.72411084,7.30316210,-0.00000308,-0.84548,1.65396,-0.00016,-1.12645829,-293.37359619,0.00170895,0.02305189,117.02082062,0.00012677
4.95000,-3.74871755,7.35142279,-0.00000216,-2.46067,4.82607,0.00009,-1.16395092,-293.30007935,0.00170078,0.02441793,117.02069855,0.00012027
4.96000,-3.75647783,7.36662197,-0.00000018,-0.77603,1.51992,0.00020,-1.20151985,-293.22640991,0.00169495,0.02542879,117.02050781,0.00011123
4.97000,-3.77918792,7.41117764,-0.00000031,-2.27101,4.45557,-0.00001,-1.23931658,-293.15228271,0.00168793,0.02661725,117.02033997,0.00010379
4.98000,-3.78476882,7.42211723,-0.00000101,-0.55809,1.09396,-0.00007,-1.27716756,-293.07806396,0.00168350,0.02737540,117.02017975,0.00009684
4.99000,-3.80451655,7.46078539,-0.00000147,-1.97477,3.86682,-0.00005,-1.31521630,-293.00341797,0.00167839,0.02824283,117.02004242,0.00008715
5.00000,-3.80636668,7.46435976,-0.00000152,-0.18501,0.35744,-0.00000,-1.35328186,-292.92877197,0.00167618,0.02862532,117.01995850,0.00007699
5.01000,-3.82083249,7.49269247,-0.00000192,-1.44658,2.83327,-0.00004,-1.39149201,-292.85385132,0.00167377,0.02900781,117.01985168,0.00006724
5.02000,-3.81737304,7.48587704,-0.00000103,0.34595,-0.68154,0.00009,-1.42966568,-292.77899170,0.00167484,0.02884389,117.01976776,0.00005813
5.03000,-3.82686782,7.50447559,-0.00000011,-0.94948,1.85986,0.00009,-1.46793413,-292.70394897,0.00167603,0.02865264,117.01973724,0.00004813
5.04000,-3.81876612,7.48855352,0.00000058,0.81017,-1.59221,0.00007,-1.50611961,-292.62908936,0.00168041,0.02788083,117.01968384,0.00004069
5.05000,-3.82494688,7.50063992,0.00000185,-0.61808,1.20864,0.00013,-1.54436707,-292.55410767,0.00168491,0.02714317,117.01963043,0.00003226
5.06000,-3.81428742,7.47971487,-0.00000175,1.06595,-2.09250,-0.00036,-1.58250618,-292.47927856,0.00169189,0.02591374,117.01957703,0.00002439
5.07000,-3.81820726,7.48737717,0.00000216,-0.39198,0.76623,0.00039,-1.62068474,-292.40441895,0.00169872,0.02479359,117.01957703,0.00001811
5.08000,-3.80511761,7.46169519,-0.00000154,1.30897,-2.56820,-0.00037,-1.65873098,-292.32980347,0.00170773,0.02320898,117.01957703,0.00001145
5.09000,-3.80714869,7.46566677,0.00000294,-0.20311,0.39716,0.00045,-1.69679785,-292.25518799,0.00171612,0.02180879,117.01950836,0.00000505
5.10000,-3.79194927,7.43585634,-0.00000179,1.51994,-2.98104,-0.00047,-1.73471153,-292.18084717,0.00172672,0.01999879,117.01949310,0.00000135
5.11000,-3.79241824,7.43676615,-0.00000173,-0.04690,0.09098,0.00001,-1.77263057,-292.10647583,0.00173595,0.01840736,117.01949310,0.00000000
5.12000,-3.77535844,7.40331030,0.00000203,1.70598,-3.34558,0.00038,-1.81037772,-292.03244019,0.00174774,0.01643343,117.01949310,0.00000000
5.13000,-3.77452850,7.40167570,-0.00000271,0.08299,-0.16346,-0.00047,-1.84811747,-291.95846558,0.00175747,0.01472589,117.01949310,0.00000000
5.14000,-3.75581956,7.36500692,0.00000190,1.87089,-3.66688,0.00046,-1.88566887,-291.88482666,0.00176987,0.01264268,117.01949310,0.00000000
5.15000,-3.75389743,7.36126280,-0.00000146,0.19221,-0.37441,-0.00034,-1.92320204,-291.81121826,0.00178005,0.01088049,117.01949310,-0.00000000
5.16000,-3.73374224,7.32175255,0.00000244,2.01552,-3.95103,0.00039,-1.96053267,-291.73800659,0.00179287,0.00875630,117.01943970,-0.00003052
5.17000,-3.73092532,7.31624985,-0.00000241,0.28169,-0.55027,-0.00049,-1.99783623,-291.66482544,0.00180317,0.00698045,117.01942444,-0.00003052
5.18000,-3.70949554,7.27423763,-0.00000233,2.14298,-4.20122,0.00001,-2.03492403,-291.59213257,0.00181564,0.00483577,117.01942444,-0.00003052
5.19000,-3.70592952,7.26728249,-0.00000131,0.35660,-0.69551,0.00010,-2.07197785,-291.51947021,0.00182575,0.00308725,117.01942444,-0.00003052
5.20000,-3.68337393,7.22306919,0.00000217,2.25556,-4.42133,0.00035,-2.10880494,-291.44723511,0.00183834,0.00096989,117.01938629,-0.00003052
5.21000,-3.67920184,7.21492100,0.00000165,0.41721,-0.81482,-0.00005,-2.14559150,-291.37512207,0.00184822,-0.00073083,117.01937103,-0.00003052
5.22000,-3.65566492,7.16877842,0.00000157,2.35369,-4.61426,-0.00001,-2.18214154,-291.30343628,0.00186047,-0.00280721,117.01935577,-0.00003052
5.23000,-3.65099907,7.15965748,0.00000178,0.46659,-0.91209,0.00002,-2.21864629,-291.23184204,0.00187023,-0.00446011,117.01930237,-0.00003052
5.24000,-3.62660766,7.11182737,-0.00000319,2.43914,-4.78301,-0.00050,-2.25490594,-291.16076660,0.00188183,-0.00646819,117.01930237,-0.00003052
5.25000,-3.62155104,7.10192204,0.00000276,0.50566,-0.99053,0.00060,-2.29111648,-291.08975220,0.00189106,-0.00799815,117.01921844,-0.00003052
5.26000,-3.59640980,7.05262136,-0.00000244,2.51412,-4.93007,-0.00052,-2.32707429,-291.01922607,0.00190220,-0.00995158,117.01921844,-0.00003052
5.27000,-3.59104085,7.04210377,0.00000285,0.53689,-1.05176,0.00053,-2.36298013,-290.94879150,0.00191086,-0.01141325,117.01919556,-0.00003052
5.28000,-3.56524777,6.99152517,0.00000181,2.57931,-5.05786,-0.00010,-2.39862657,-290.87890625,0.00192188,-0.01324374,117.01916504,-0.00003052
5.29000,-3.55964756,6.98053741,-0.00000306,0.56002,-1.09878,-0.00049,-2.43421888,-290.80911255,0.00192963,-0.01461660,117.01916504,-0.00003052
5.30000,-3.53461123,6.93143606,0.00000237,2.50363,-4.91014,0.00054,-2.46955943,-290.73980713,0.00193989,-0.01633098,117.01914215,-0.00003052
5.31000,-3.53050327,6.92337942,0.00000095,0.41080,-0.80566,-0.00014,-2.50486088,-290.67059326,0.00194653,-0.01748528,117.01914215,-0.00003052
5.32000,-3.50773001,6.87871742,0.00000043,2.27733,-4.46620,-0.00005,-2.53993344,-290.60177612,0.00195515,-0.01894694,117.01914215,-0.00003052
5.33000,-3.50424838,6.87189150,0.00000038,0.34816,-0.68259,-0.00000,-2.57497311,-290.53308105,0.00196064,-0.01986902,117.01911163,-0.00003052
5.34000,-3.48146653,6.82721233,-0.00000280,2.27818,-4.46792,-0.00032,-2.60978365,-290.46481323,0.00196796,-0.02111211,117.01911163,-0.00003052
5.35000,-3.47826409,6.82093143,-0.00000145,0.32024,-0.62809,0.00014,-2.64456415,-290.39660645,0.00197208,-0.02181562,117.01904297,-0.00003052
5.36000,-3.45599651,6.77726173,-0.00000086,2.22676,-4.36697,0.00006,-2.67912078,-290.32882690,0.00197823,-0.02288796,117.01904297,-0.00003052
5.37000,-3.45351744,6.77240086,0.00000252,0.24791,-0.48609,0.00034,-2.71365404,-290.26113892,0.00198139,-0.02343438,117.01904297,-0.00003052
5.38000,-3.43233228,6.73085546,0.00000238,2.11852,-4.15454,-0.00001,-2.74797487,-290.19384766,0.00198669,-0.02432230,117.01904297,-0.00003052
5.39000,-3.43094039,6.72812796,-0.00000074,0.13919,-0.27275,-0.00031,-2.78228331,-290.12655640,0.00198860,-0.02465698,117.01901245,-0.00003052
5.40000,-3.41132474,6.68966103,-0.00000207,1.96157,-3.84669,-0.00013,-2.81639433,-290.05966187,0.00199257,-0.02529902,117.01900482,-0.00003052
5.41000,-3.41133881,6.68969297,-0.00000116,-0.00141,0.00319,0.00009,-2.85050750,-289.99276733,0.00199329,-0.02542196,117.01900482,-0.00003052
5.42000,-3.39371705,6.65513659,-0.00000207,1.76218,-3.45564,-0.00009,-2.88444304,-289.92623901,0.00199554,-0.02585226,117.01900482,-0.00003052
5.43000,-3.39544916,6.65853882,0.00000347,-0.17321,0.34022,0.00055,-2.91839814,-289.85964966,0.00199501,-0.02572249,117.01900482,-0.00006103
5.44000,-3.38020205,6.62864304,-0.00000257,1.52471,-2.98958,-0.00060,-2.95219922,-289.79336548,0.00199574,-0.02587959,117.01900482,-0.00006103
5.45000,-3.38399506,6.63609219,0.00000144,-0.37930,0.74492,0.00040,-2.98604083,-289.72698975,0.00199356,-0.02547660,117.01894379,-0.00006103
5.46000,-3.37142420,6.61144400,-0.00000251,1.25709,-2.46482,-0.00039,-3.01975560,-289.66085815,0.00199265,-0.02533317,117.01894379,-0.00003052
5.47000,-3.37743187,6.62323475,0.00000193,-0.60077,1.17908,0.00044,-3.05353236,-289.59463501,0.00198860,-0.02465698,117.01892090,-0.00006103
5.48000,-3.36737204,6.60351038,0.00000147,1.00598,-1.97244,-0.00005,-3.08720756,-289.52859497,0.00198620,-0.02426083,117.01892090,-0.00006103
5.49000,-3.37548661,6.61943150,0.00000119,-0.81146,1.59211,-0.00003,-3.12096548,-289.46240234,0.00198082,-0.02327728,117.01890564,-0.00006103
5.50000,-3.36768222,6.60412884,-0.00000189,0.78044,-1.53027,-0.00031,-3.15464473,-289.39636230,0.00197685,-0.02260792,117.01886749,-0.00006103
5.51000,-3.37779832,6.62397432,-0.00000044,-1.01161,1.98455,0.00014,-3.18842673,-289.33013916,0.00196980,-0.02142630,117.01886749,-0.00006103
5.52000,-3.37203860,6.61268091,-0.00000123,0.57597,-1.12934,-0.00008,-3.22214985,-289.26400757,0.00196457,-0.02053838,117.01886749,-0.00006104
5.53000,-3.38403344,6.63621092,-0.00000115,-1.19948,2.35300,0.00001,-3.25599504,-289.19760132,0.00195633,-0.01913819,117.01886749,-0.00006103
5.54000,-3.38013816,6.62855959,-0.00000020,0.38953,-0.76513,0.00010,-3.28979969,-289.13131714,0.00195000,-0.01806585,117.01886749,-0.00006103
5.55000,-3.39388537,6.65550756,-0.00000067,-1.37472,2.69480,-0.00005,-3.32374382,-289.06472778,0.00194069,-0.01650857,117.01886749,-0.00006104
5.56000,-3.39167452,6.65116310,0.00000389,0.22109,-0.43445,0.00046,-3.35766482,-288.99822998,0.00193378,-0.01528596,117.01879883,-0.00006103
5.57000,-3.40702343,6.68125534,-0.00000166,-1.53489,3.00922,-0.00056,-3.39174032,-288.93139648,0.00192379,-0.01361257,117.01879883,-0.00006104
5.58000,-3.40633774,6.67990446,0.00000196,0.06857,-0.13509,0.00036,-3.42580795,-288.86459351,0.00191605,-0.01226702,117.01878357,-0.00006104
5.59000,-3.42314172,6.71285868,-0.00000228,-1.68040,3.29542,-0.00042,-3.46004534,-288.79745483,0.00190556,-0.01049800,117.01878357,-0.00006104
5.60000,-3.42382646,6.71420193,-0.00000081,-0.06847,0.13433,0.00015,-3.49428844,-288.73031616,0.00189716,-0.00906366,117.01878357,-0.00006104
5.61000,-3.44194674,6.74973822,0.00000051,-1.81203,3.55363,0.00013,-3.52871394,-288.66278076,0.00188641,-0.00723317,117.01878357,-0.00006104
5.62000,-3.44386339,6.75349712,0.00000263,-0.19166,0.37589,0.00021,-3.56315756,-288.59524536,0.00187790,-0.00573736,117.01875305,-0.00006104
5.63000,-3.46315694,6.79133463,-0.00000314,-1.92935,3.78375,-0.00058,-3.59779525,-288.52731323,0.00186672,-0.00390687,117.01878357,-0.00006104
5.64000,-3.46618128,6.79725742,0.00000309,-0.30243,0.59228,0.00062,-3.63246226,-288.45935059,0.00185814,-0.00238374,117.01875305,-0.00006104
5.65000,-3.48651886,6.83713245,-0.00000055,-2.03376,3.98750,-0.00036,-3.66733360,-288.39096069,0.00184715,-0.00051909,117.01875305,-0.00006104
5.66000,-3.49052238,6.84497738,-0.00000083,-0.40035,0.78449,-0.00003,-3.70224357,-288.32247925,0.00183838,0.00097672,117.01875305,-0.00006104
5.67000,-3.51177645,6.88665152,-0.00000053,-2.12541,4.16741,0.00003,-3.73736739,-288.25360107,0.00182747,0.00282770,117.01875305,-0.00006104
5.68000,-3.51664782,6.89620018,-0.00000165,-0.48714,0.95487,-0.00011,-3.77253866,-288.18463135,0.00181877,0.00431668,117.01875305,-0.00006104
5.69000,-3.53869796,6.93944073,-0.00000093,-2.20501,4.32405,0.00007,-3.80793166,-288.11523438,0.00180809,0.00613351,117.01875305,-0.00006104
5.70000,-3.54433775,6.95050097,-0.00000104,-0.56398,1.10602,-0.00001,-3.84337997,-288.04568481,0.00179955,0.00758834,117.01875305,-0.00006104
5.71000,-3.56707907,6.99509668,-0.00000088,-2.27413,4.45957,0.00002,-3.87905622,-287.97576904,0.00178917,0.00936419,117.01875305,-0.00006104
5.72000,-3.57339764,7.00748825,-0.00000132,-0.63186,1.23916,-0.00004,-3.91479516,-287.90567017,0.00178089,0.01077121,117.01875305,-0.00006104
5.73000,-3.59673309,7.05324888,-0.00000141,-2.33355,4.57606,-0.00001,-3.95076799,-287.83514404,0.00177086,0.01248559,117.01875305,-0.00006104
5.74000,-3.60365105,7.06681013,-0.00000122,-0.69180,1.35612,0.00002,-3.98680902,-287.76443481,0.00176289,0.01383796,117.01875305,-0.00006104
5.75000,-3.62749386,7.11356163,-0.00000131,-2.38428,4.67515,-0.00001,-4.02308941,-287.69332886,0.00175323,0.01549087,117.01875305,-0.00006104
5.76000,-3.63493586,7.12815332,-0.00000097,-0.74420,1.45917,0.00003,-4.05944300,-287.62200928,0.00174564,0.01678177,117.01875305,-0.00006103
5.77000,-3.65920544,7.17574263,-0.00000147,-2.42696,4.75893,-0.00005,-4.09604025,-287.55026245,0.00173641,0.01835272,117.01875305,-0.00006103
5.78000,-3.66710806,7.19123840,-0.00000123,-0.79026,1.54958,0.00002,-4.13271523,-287.47830200,0.00172928,0.01957532,117.01875305,-0.00006103
5.79000,-3.69172478,7.23953295,-0.00000182,-2.46167,4.82945,-0.00006,-4.16963720,-287.40591431,0.00172050,0.02107796,117.01879883,-0.00006103
5.80000,-3.69974399,7.25527525,-0.00000145,-0.80192,1.57423,0.00004,-4.20663834,-287.33334351,0.00171371,0.02221177,117.01879883,-0.00006103
5.81000,-3.72346091,7.30180120,-0.00000101,-2.37169,4.65260,0.00004,-4.24387741,-287.26031494,0.00170574,0.02357781,117.01873016,-0.00006103
5.82000,-3.73024535,7.31511641,-0.00000046,-0.67844,1.33152,0.00006,-4.28118324,-287.18716431,0.00170006,0.02454770,117.01873016,-0.00006103
5.83000,-3.75244951,7.35867405,-0.00000225,-2.22042,4.35576,-0.00018,-4.31871128,-287.11355591,0.00169323,0.02570883,117.01871490,-0.00006103
5.84000,-3.75825548,7.37003231,-0.00000155,-0.58060,1.13583,0.00007,-4.35629654,-287.03985596,0.00168880,0.02645332,117.01871490,-0.00006104
5.85000,-3.77870345,7.41010475,-0.00000233,-2.04480,4.00724,-0.00008,-4.39408684,-286.96575928,0.00168350,0.02737540,117.01871490,-0.00006104
5.86000,-3.78227997,7.41709948,-0.00000169,-0.35765,0.69947,0.00006,-4.43191099,-286.89157104,0.00168060,0.02785351,117.01871490,-0.00006104
5.87000,-3.79992247,7.45167542,-0.00000085,-1.76425,3.45759,0.00008,-4.46991253,-286.81704712,0.00167721,0.02843408,117.01869965,-0.00006103
5.88000,-3.80067372,7.45313597,-0.00000050,-0.07513,0.14606,0.00004,-4.50791931,-286.74252319,0.00167633,0.02856385,117.01873016,-0.00006103
5.89000,-3.81469727,7.48062801,0.00000173,-1.40235,2.74920,0.00022,-4.54606724,-286.66769409,0.00167549,0.02875509,117.01873016,-0.00006103
5.90000,-3.81108809,7.47354698,-0.00000387,0.36092,-0.70810,-0.00056,-4.58417702,-286.59298706,0.00167706,0.02844091,117.01873016,-0.00006103
5.91000,-3.82025051,7.49150610,0.00000242,-0.91624,1.79591,0.00063,-4.62237835,-286.51806641,0.00167915,0.02814038,117.01873016,-0.00006103
5.92000,-3.81207299,7.47546721,-0.00000347,0.81775,-1.60389,-0.00059,-4.66049623,-286.44332886,0.00168385,0.02727977,117.01879883,-0.00006103
5.93000,-3.81749463,7.48609161,0.00000157,-0.54216,1.06244,0.00050,-4.69866848,-286.36846924,0.00168858,0.02648064,117.01879883,-0.00006103
5.94000,-3.80566692,7.46289587,0.00000107,1.18277,-2.31957,-0.00005,-4.73672056,-286.29385376,0.00169632,0.02514875,117.01881409,-0.00006103
5.95000,-3.80874467,7.46894312,0.00000063,-0.30777,0.60472,-0.00004,-4.77480412,-286.21917725,0.00170345,0.02393981,117.01883698,-0.00006103
5.96000,-3.79475617,7.44151974,0.00000127,1.39885,-2.74234,0.00006,-4.81274652,-286.14474487,0.00171307,0.02230057,117.01886749,-0.00006103
5.97000,-3.79610348,7.44416952,0.00000237,-0.13473,0.26498,0.00011,-4.85070276,-286.07034302,0.00172180,0.02082525,117.01886749,-0.00006103
5.98000,-3.78010249,7.41279650,0.00000101,1.60010,-3.13730,-0.00014,-4.88849735,-285.99624634,0.00173275,0.01894011,117.01886749,-0.00006103
5.99000,-3.78000784,7.41262960,0.00000145,0.00947,-0.01669,0.00004,-4.92629194,-285.92211914,0.00174244,0.01729404,117.01886749,-0.00006103
6.00000,-3.76224017,7.37779760,0.00000156,1.77677,-3.48320,0.00001,-4.96390772,-285.84835815,0.00175438,0.01525864,117.01886749,-0.00006103
6.01000,-3.76094937,7.37528181,0.00000146,0.12908,-0.25158,-0.00001,-5.00151157,-285.77462769,0.00176460,0.01351694,117.01886749,-0.00006103
